timestamp,duid,power_hat_MW
2025-10-31 00:00:00,BUTLERSG,6.977534483520291
2025-10-31 00:05:00,BUTLERSG,6.982815805130869
2025-10-31 00:10:00,BUTLERSG,6.986512730258275
2025-10-31 00:15:00,BUTLERSG,6.9891005778474575
2025-10-31 00:20:00,BUTLERSG,6.990912071159887
2025-10-31 00:25:00,BUTLERSG,6.992180116478586
2025-10-31 00:30:00,BUTLERSG,6.9930677482016765
2025-10-31 00:35:00,BUTLERSG,6.993689090407839
2025-10-31 00:40:00,BUTLERSG,6.994124029952154
2025-10-31 00:45:00,BUTLERSG,6.994428487633174
2025-10-31 00:50:00,BUTLERSG,6.994641608009887
2025-10-31 00:55:00,BUTLERSG,6.994790792273587
2025-10-31 01:00:00,BUTLERSG,6.994895221258178
2025-10-31 01:05:00,BUTLERSG,6.99496832154739
2025-10-31 01:10:00,BUTLERSG,6.995019491749838
2025-10-31 01:15:00,BUTLERSG,6.995055310891553
2025-10-31 01:20:00,BUTLERSG,6.995080384290754
2025-10-31 01:25:00,BUTLERSG,6.995097935670193
2025-10-31 01:30:00,BUTLERSG,6.995110221635802
2025-10-31 01:35:00,BUTLERSG,6.995118821811728
2025-10-31 01:40:00,BUTLERSG,6.995124841934876
2025-10-31 01:45:00,BUTLERSG,6.99512905602108
2025-10-31 01:50:00,BUTLERSG,6.9951320058814215
2025-10-31 01:55:00,BUTLERSG,6.995134070783662
2025-10-31 02:00:00,BUTLERSG,6.99513551621523
2025-10-31 02:05:00,BUTLERSG,6.995136528017326
2025-10-31 02:10:00,BUTLERSG,6.995137236278794
2025-10-31 02:15:00,BUTLERSG,6.995137732061821
2025-10-31 02:20:00,BUTLERSG,6.995138079109941
2025-10-31 02:25:00,BUTLERSG,6.9951383220436245
2025-10-31 02:30:00,BUTLERSG,6.995138492097203
2025-10-31 02:35:00,BUTLERSG,6.995138611134708
2025-10-31 02:40:00,BUTLERSG,6.995138694460962
2025-10-31 02:45:00,BUTLERSG,6.995138752789339
2025-10-31 02:50:00,BUTLERSG,6.995138793619203
2025-10-31 02:55:00,BUTLERSG,6.995138822200108
2025-10-31 03:00:00,BUTLERSG,6.995138842206741
2025-10-31 03:05:00,BUTLERSG,6.995138856211385
2025-10-31 03:10:00,BUTLERSG,6.995138866014635
2025-10-31 03:15:00,BUTLERSG,6.995138872876911
2025-10-31 03:20:00,BUTLERSG,6.995138877680503
2025-10-31 03:25:00,BUTLERSG,6.995138881043019
2025-10-31 03:30:00,BUTLERSG,6.995138883396779
2025-10-31 03:35:00,BUTLERSG,6.995138885044412
2025-10-31 03:40:00,BUTLERSG,6.995138886197754
2025-10-31 03:45:00,BUTLERSG,6.995138887005094
2025-10-31 03:50:00,BUTLERSG,6.995138887570231
2025-10-31 03:55:00,BUTLERSG,6.995138887965828
2025-10-31 04:00:00,BUTLERSG,6.995138888242746
2025-10-31 04:05:00,BUTLERSG,6.995138888436587
2025-10-31 04:10:00,BUTLERSG,6.995138888572278
2025-10-31 04:15:00,BUTLERSG,6.99513888866726
2025-10-31 04:20:00,BUTLERSG,6.995138888733747
2025-10-31 04:25:00,BUTLERSG,6.995138888780289
2025-10-31 04:30:00,BUTLERSG,6.995138888812868
2025-10-31 04:35:00,BUTLERSG,6.9951388888356725
2025-10-31 04:40:00,BUTLERSG,6.995138888851637
2025-10-31 04:45:00,BUTLERSG,6.995138888862812
2025-10-31 04:50:00,BUTLERSG,6.995138888870635
2025-10-31 04:55:00,BUTLERSG,6.9951388888761095
2025-10-31 05:00:00,BUTLERSG,6.995138888879943
2025-10-31 05:05:00,BUTLERSG,6.995138888882625
2025-10-31 05:10:00,BUTLERSG,6.995138888884503
2025-10-31 05:15:00,BUTLERSG,6.995138888885817
2025-10-31 05:20:00,BUTLERSG,6.995138888886737
2025-10-31 05:25:00,BUTLERSG,6.995138888887382
2025-10-31 05:30:00,BUTLERSG,6.995138888887833
2025-10-31 05:35:00,BUTLERSG,6.99513888888815
2025-10-31 05:40:00,BUTLERSG,6.99513888888837
2025-10-31 05:45:00,BUTLERSG,6.995138888888524
2025-10-31 05:50:00,BUTLERSG,6.995138888888633
2025-10-31 05:55:00,BUTLERSG,6.995138888888709
2025-10-31 06:00:00,BUTLERSG,6.9951388888887625
2025-10-31 06:05:00,BUTLERSG,6.9951388888888
2025-10-31 06:10:00,BUTLERSG,6.995138888888826
2025-10-31 06:15:00,BUTLERSG,6.995138888888844
2025-10-31 06:20:00,BUTLERSG,6.995138888888857
2025-10-31 06:25:00,BUTLERSG,6.9951388888888655
2025-10-31 06:30:00,BUTLERSG,6.995138888888873
2025-10-31 06:35:00,BUTLERSG,6.995138888888876
2025-10-31 06:40:00,BUTLERSG,6.99513888888888
2025-10-31 06:45:00,BUTLERSG,6.9951388888888815
2025-10-31 06:50:00,BUTLERSG,6.995138888888883
2025-10-31 06:55:00,BUTLERSG,6.995138888888885
2025-10-31 07:00:00,BUTLERSG,6.995138888888885
2025-10-31 07:05:00,BUTLERSG,6.995138888888885
2025-10-31 07:10:00,BUTLERSG,6.995138888888885
2025-10-31 07:15:00,BUTLERSG,6.995138888888885
2025-10-31 07:20:00,BUTLERSG,6.995138888888885
2025-10-31 07:25:00,BUTLERSG,6.995138888888885
2025-10-31 07:30:00,BUTLERSG,6.995138888888885
2025-10-31 07:35:00,BUTLERSG,6.995138888888885
2025-10-31 07:40:00,BUTLERSG,6.995138888888885
2025-10-31 07:45:00,BUTLERSG,6.995138888888885
2025-10-31 07:50:00,BUTLERSG,6.995138888888885
2025-10-31 07:55:00,BUTLERSG,6.995138888888885
2025-10-31 08:00:00,BUTLERSG,6.995138888888885
2025-10-31 08:05:00,BUTLERSG,6.995138888888885
2025-10-31 08:10:00,BUTLERSG,6.995138888888885
2025-10-31 08:15:00,BUTLERSG,6.995138888888885
2025-10-31 08:20:00,BUTLERSG,6.995138888888885
2025-10-31 08:25:00,BUTLERSG,6.995138888888885
2025-10-31 08:30:00,BUTLERSG,6.995138888888885
2025-10-31 08:35:00,BUTLERSG,6.995138888888885
2025-10-31 08:40:00,BUTLERSG,6.995138888888885
2025-10-31 08:45:00,BUTLERSG,6.995138888888885
2025-10-31 08:50:00,BUTLERSG,6.995138888888885
2025-10-31 08:55:00,BUTLERSG,6.995138888888885
2025-10-31 09:00:00,BUTLERSG,6.995138888888885
2025-10-31 09:05:00,BUTLERSG,6.995138888888885
2025-10-31 09:10:00,BUTLERSG,6.995138888888885
2025-10-31 09:15:00,BUTLERSG,6.995138888888885
2025-10-31 09:20:00,BUTLERSG,6.995138888888885
2025-10-31 09:25:00,BUTLERSG,6.995138888888885
2025-10-31 09:30:00,BUTLERSG,6.995138888888885
2025-10-31 09:35:00,BUTLERSG,6.995138888888885
2025-10-31 09:40:00,BUTLERSG,6.995138888888885
2025-10-31 09:45:00,BUTLERSG,6.995138888888885
2025-10-31 09:50:00,BUTLERSG,6.995138888888885
2025-10-31 09:55:00,BUTLERSG,6.995138888888885
2025-10-31 10:00:00,BUTLERSG,6.995138888888885
2025-10-31 10:05:00,BUTLERSG,6.995138888888885
2025-10-31 10:10:00,BUTLERSG,6.995138888888885
2025-10-31 10:15:00,BUTLERSG,6.995138888888885
2025-10-31 10:20:00,BUTLERSG,6.995138888888885
2025-10-31 10:25:00,BUTLERSG,6.995138888888885
2025-10-31 10:30:00,BUTLERSG,6.995138888888885
2025-10-31 10:35:00,BUTLERSG,6.995138888888885
2025-10-31 10:40:00,BUTLERSG,6.995138888888885
2025-10-31 10:45:00,BUTLERSG,6.995138888888885
2025-10-31 10:50:00,BUTLERSG,6.995138888888885
2025-10-31 10:55:00,BUTLERSG,6.995138888888885
2025-10-31 11:00:00,BUTLERSG,6.995138888888885
2025-10-31 11:05:00,BUTLERSG,6.995138888888885
2025-10-31 11:10:00,BUTLERSG,6.995138888888885
2025-10-31 11:15:00,BUTLERSG,6.995138888888885
2025-10-31 11:20:00,BUTLERSG,6.995138888888885
2025-10-31 11:25:00,BUTLERSG,6.995138888888885
2025-10-31 11:30:00,BUTLERSG,6.995138888888885
2025-10-31 11:35:00,BUTLERSG,6.995138888888885
2025-10-31 11:40:00,BUTLERSG,6.995138888888885
2025-10-31 11:45:00,BUTLERSG,6.995138888888885
2025-10-31 11:50:00,BUTLERSG,6.995138888888885
2025-10-31 11:55:00,BUTLERSG,6.995138888888885
2025-10-31 12:00:00,BUTLERSG,6.995138888888885
2025-10-31 12:05:00,BUTLERSG,6.995138888888885
2025-10-31 12:10:00,BUTLERSG,6.995138888888885
2025-10-31 12:15:00,BUTLERSG,6.995138888888885
2025-10-31 12:20:00,BUTLERSG,6.995138888888885
2025-10-31 12:25:00,BUTLERSG,6.995138888888885
2025-10-31 12:30:00,BUTLERSG,6.995138888888885
2025-10-31 12:35:00,BUTLERSG,6.995138888888885
2025-10-31 12:40:00,BUTLERSG,6.995138888888885
2025-10-31 12:45:00,BUTLERSG,6.995138888888885
2025-10-31 12:50:00,BUTLERSG,6.995138888888885
2025-10-31 12:55:00,BUTLERSG,6.995138888888885
2025-10-31 13:00:00,BUTLERSG,6.995138888888885
2025-10-31 13:05:00,BUTLERSG,6.995138888888885
2025-10-31 13:10:00,BUTLERSG,6.995138888888885
2025-10-31 13:15:00,BUTLERSG,6.995138888888885
2025-10-31 13:20:00,BUTLERSG,6.995138888888885
2025-10-31 13:25:00,BUTLERSG,6.995138888888885
2025-10-31 13:30:00,BUTLERSG,6.995138888888885
2025-10-31 13:35:00,BUTLERSG,6.995138888888885
2025-10-31 13:40:00,BUTLERSG,6.995138888888885
2025-10-31 13:45:00,BUTLERSG,6.995138888888885
2025-10-31 13:50:00,BUTLERSG,6.995138888888885
2025-10-31 13:55:00,BUTLERSG,6.995138888888885
2025-10-31 14:00:00,BUTLERSG,6.995138888888885
2025-10-31 14:05:00,BUTLERSG,6.995138888888885
2025-10-31 14:10:00,BUTLERSG,6.995138888888885
2025-10-31 14:15:00,BUTLERSG,6.995138888888885
2025-10-31 14:20:00,BUTLERSG,6.995138888888885
2025-10-31 14:25:00,BUTLERSG,6.995138888888885
2025-10-31 14:30:00,BUTLERSG,6.995138888888885
2025-10-31 14:35:00,BUTLERSG,6.995138888888885
2025-10-31 14:40:00,BUTLERSG,6.995138888888885
2025-10-31 14:45:00,BUTLERSG,6.995138888888885
2025-10-31 14:50:00,BUTLERSG,6.995138888888885
2025-10-31 14:55:00,BUTLERSG,6.995138888888885
2025-10-31 15:00:00,BUTLERSG,6.995138888888885
2025-10-31 15:05:00,BUTLERSG,6.995138888888885
2025-10-31 15:10:00,BUTLERSG,6.995138888888885
2025-10-31 15:15:00,BUTLERSG,6.995138888888885
2025-10-31 15:20:00,BUTLERSG,6.995138888888885
2025-10-31 15:25:00,BUTLERSG,6.995138888888885
2025-10-31 15:30:00,BUTLERSG,6.995138888888885
2025-10-31 15:35:00,BUTLERSG,6.995138888888885
2025-10-31 15:40:00,BUTLERSG,6.995138888888885
2025-10-31 15:45:00,BUTLERSG,6.995138888888885
2025-10-31 15:50:00,BUTLERSG,6.995138888888885
2025-10-31 15:55:00,BUTLERSG,6.995138888888885
2025-10-31 16:00:00,BUTLERSG,6.995138888888885
2025-10-31 16:05:00,BUTLERSG,6.995138888888885
2025-10-31 16:10:00,BUTLERSG,6.995138888888885
2025-10-31 16:15:00,BUTLERSG,6.995138888888885
2025-10-31 16:20:00,BUTLERSG,6.995138888888885
2025-10-31 16:25:00,BUTLERSG,6.995138888888885
2025-10-31 16:30:00,BUTLERSG,6.995138888888885
2025-10-31 16:35:00,BUTLERSG,6.995138888888885
2025-10-31 16:40:00,BUTLERSG,6.995138888888885
2025-10-31 16:45:00,BUTLERSG,6.995138888888885
2025-10-31 16:50:00,BUTLERSG,6.995138888888885
2025-10-31 16:55:00,BUTLERSG,6.995138888888885
2025-10-31 17:00:00,BUTLERSG,6.995138888888885
2025-10-31 17:05:00,BUTLERSG,6.995138888888885
2025-10-31 17:10:00,BUTLERSG,6.995138888888885
2025-10-31 17:15:00,BUTLERSG,6.995138888888885
2025-10-31 17:20:00,BUTLERSG,6.995138888888885
2025-10-31 17:25:00,BUTLERSG,6.995138888888885
2025-10-31 17:30:00,BUTLERSG,6.995138888888885
2025-10-31 17:35:00,BUTLERSG,6.995138888888885
2025-10-31 17:40:00,BUTLERSG,6.995138888888885
2025-10-31 17:45:00,BUTLERSG,6.995138888888885
2025-10-31 17:50:00,BUTLERSG,6.995138888888885
2025-10-31 17:55:00,BUTLERSG,6.995138888888885
2025-10-31 18:00:00,BUTLERSG,6.995138888888885
2025-10-31 18:05:00,BUTLERSG,6.995138888888885
2025-10-31 18:10:00,BUTLERSG,6.995138888888885
2025-10-31 18:15:00,BUTLERSG,6.995138888888885
2025-10-31 18:20:00,BUTLERSG,6.995138888888885
2025-10-31 18:25:00,BUTLERSG,6.995138888888885
2025-10-31 18:30:00,BUTLERSG,6.995138888888885
2025-10-31 18:35:00,BUTLERSG,6.995138888888885
2025-10-31 18:40:00,BUTLERSG,6.995138888888885
2025-10-31 18:45:00,BUTLERSG,6.995138888888885
2025-10-31 18:50:00,BUTLERSG,6.995138888888885
2025-10-31 18:55:00,BUTLERSG,6.995138888888885
2025-10-31 19:00:00,BUTLERSG,6.995138888888885
2025-10-31 19:05:00,BUTLERSG,6.995138888888885
2025-10-31 19:10:00,BUTLERSG,6.995138888888885
2025-10-31 19:15:00,BUTLERSG,6.995138888888885
2025-10-31 19:20:00,BUTLERSG,6.995138888888885
2025-10-31 19:25:00,BUTLERSG,6.995138888888885
2025-10-31 19:30:00,BUTLERSG,6.995138888888885
2025-10-31 19:35:00,BUTLERSG,6.995138888888885
2025-10-31 19:40:00,BUTLERSG,6.995138888888885
2025-10-31 19:45:00,BUTLERSG,6.995138888888885
2025-10-31 19:50:00,BUTLERSG,6.995138888888885
2025-10-31 19:55:00,BUTLERSG,6.995138888888885
2025-10-31 20:00:00,BUTLERSG,6.995138888888885
2025-10-31 20:05:00,BUTLERSG,6.995138888888885
2025-10-31 20:10:00,BUTLERSG,6.995138888888885
2025-10-31 20:15:00,BUTLERSG,6.995138888888885
2025-10-31 20:20:00,BUTLERSG,6.995138888888885
2025-10-31 20:25:00,BUTLERSG,6.995138888888885
2025-10-31 20:30:00,BUTLERSG,6.995138888888885
2025-10-31 20:35:00,BUTLERSG,6.995138888888885
2025-10-31 20:40:00,BUTLERSG,6.995138888888885
2025-10-31 20:45:00,BUTLERSG,6.995138888888885
2025-10-31 20:50:00,BUTLERSG,6.995138888888885
2025-10-31 20:55:00,BUTLERSG,6.995138888888885
2025-10-31 21:00:00,BUTLERSG,6.995138888888885
2025-10-31 21:05:00,BUTLERSG,6.995138888888885
2025-10-31 21:10:00,BUTLERSG,6.995138888888885
2025-10-31 21:15:00,BUTLERSG,6.995138888888885
2025-10-31 21:20:00,BUTLERSG,6.995138888888885
2025-10-31 21:25:00,BUTLERSG,6.995138888888885
2025-10-31 21:30:00,BUTLERSG,6.995138888888885
2025-10-31 21:35:00,BUTLERSG,6.995138888888885
2025-10-31 21:40:00,BUTLERSG,6.995138888888885
2025-10-31 21:45:00,BUTLERSG,6.995138888888885
2025-10-31 21:50:00,BUTLERSG,6.995138888888885
2025-10-31 21:55:00,BUTLERSG,6.995138888888885
2025-10-31 22:00:00,BUTLERSG,6.995138888888885
2025-10-31 22:05:00,BUTLERSG,6.995138888888885
2025-10-31 22:10:00,BUTLERSG,6.995138888888885
2025-10-31 22:15:00,BUTLERSG,6.995138888888885
2025-10-31 22:20:00,BUTLERSG,6.995138888888885
2025-10-31 22:25:00,BUTLERSG,6.995138888888885
2025-10-31 22:30:00,BUTLERSG,6.995138888888885
2025-10-31 22:35:00,BUTLERSG,6.995138888888885
2025-10-31 22:40:00,BUTLERSG,6.995138888888885
2025-10-31 22:45:00,BUTLERSG,6.995138888888885
2025-10-31 22:50:00,BUTLERSG,6.995138888888885
2025-10-31 22:55:00,BUTLERSG,6.995138888888885
2025-10-31 23:00:00,BUTLERSG,6.995138888888885
2025-10-31 23:05:00,BUTLERSG,6.995138888888885
2025-10-31 23:10:00,BUTLERSG,6.995138888888885
2025-10-31 23:15:00,BUTLERSG,6.995138888888885
2025-10-31 23:20:00,BUTLERSG,6.995138888888885
2025-10-31 23:25:00,BUTLERSG,6.995138888888885
2025-10-31 23:30:00,BUTLERSG,6.995138888888885
2025-10-31 23:35:00,BUTLERSG,6.995138888888885
2025-10-31 23:40:00,BUTLERSG,6.995138888888885
2025-10-31 23:45:00,BUTLERSG,6.995138888888885
2025-10-31 23:50:00,BUTLERSG,6.995138888888885
2025-10-31 23:55:00,BUTLERSG,6.995138888888885
2025-10-31 00:00:00,CLUNY,10.150274205338238
2025-10-31 00:05:00,CLUNY,10.6070554520701
2025-10-31 00:10:00,CLUNY,10.926802324782402
2025-10-31 00:15:00,CLUNY,11.150625135681015
2025-10-31 00:20:00,CLUNY,11.307301103310042
2025-10-31 00:25:00,CLUNY,11.416974280650361
2025-10-31 00:30:00,CLUNY,11.493745504788585
2025-10-31 00:35:00,CLUNY,11.547485361685341
2025-10-31 00:40:00,CLUNY,11.585103261513071
2025-10-31 00:45:00,CLUNY,11.611435791392482
2025-10-31 00:50:00,CLUNY,11.62986856230807
2025-10-31 00:55:00,CLUNY,11.642771501948982
2025-10-31 01:00:00,CLUNY,11.651803559697619
2025-10-31 01:05:00,CLUNY,11.658126000121666
2025-10-31 01:10:00,CLUNY,11.662551708418498
2025-10-31 01:15:00,CLUNY,11.665649704226281
2025-10-31 01:20:00,CLUNY,11.66781830129173
2025-10-31 01:25:00,CLUNY,11.669336319237543
2025-10-31 01:30:00,CLUNY,11.670398931799612
2025-10-31 01:35:00,CLUNY,11.67114276059306
2025-10-31 01:40:00,CLUNY,11.671663440748475
2025-10-31 01:45:00,CLUNY,11.672027916857266
2025-10-31 01:50:00,CLUNY,11.672283050133418
2025-10-31 01:55:00,CLUNY,11.672461643426725
2025-10-31 02:00:00,CLUNY,11.67258665873204
2025-10-31 02:05:00,CLUNY,11.672674169445761
2025-10-31 02:10:00,CLUNY,11.672735426945366
2025-10-31 02:15:00,CLUNY,11.672778307195088
2025-10-31 02:20:00,CLUNY,11.672808323369894
2025-10-31 02:25:00,CLUNY,11.672829334692258
2025-10-31 02:30:00,CLUNY,11.672844042617912
2025-10-31 02:35:00,CLUNY,11.672854338165871
2025-10-31 02:40:00,CLUNY,11.672861545049443
2025-10-31 02:45:00,CLUNY,11.672866589867942
2025-10-31 02:50:00,CLUNY,11.672870121240893
2025-10-31 02:55:00,CLUNY,11.672872593201957
2025-10-31 03:00:00,CLUNY,11.672874323574701
2025-10-31 03:05:00,CLUNY,11.672875534835624
2025-10-31 03:10:00,CLUNY,11.67287638271827
2025-10-31 03:15:00,CLUNY,11.672876976236122
2025-10-31 03:20:00,CLUNY,11.672877391698618
2025-10-31 03:25:00,CLUNY,11.672877682522365
2025-10-31 03:30:00,CLUNY,11.672877886098988
2025-10-31 03:35:00,CLUNY,11.672878028602623
2025-10-31 03:40:00,CLUNY,11.672878128355169
2025-10-31 03:45:00,CLUNY,11.672878198181952
2025-10-31 03:50:00,CLUNY,11.672878247060698
2025-10-31 03:55:00,CLUNY,11.672878281275821
2025-10-31 04:00:00,CLUNY,11.672878305226407
2025-10-31 04:05:00,CLUNY,11.672878321991817
2025-10-31 04:10:00,CLUNY,11.672878333727605
2025-10-31 04:15:00,CLUNY,11.672878341942656
2025-10-31 04:20:00,CLUNY,11.672878347693192
2025-10-31 04:25:00,CLUNY,11.672878351718568
2025-10-31 04:30:00,CLUNY,11.67287835453633
2025-10-31 04:35:00,CLUNY,11.672878356508763
2025-10-31 04:40:00,CLUNY,11.672878357889466
2025-10-31 04:45:00,CLUNY,11.672878358855959
2025-10-31 04:50:00,CLUNY,11.672878359532504
2025-10-31 04:55:00,CLUNY,11.672878360006086
2025-10-31 05:00:00,CLUNY,11.672878360337593
2025-10-31 05:05:00,CLUNY,11.672878360569648
2025-10-31 05:10:00,CLUNY,11.672878360732087
2025-10-31 05:15:00,CLUNY,11.672878360845793
2025-10-31 05:20:00,CLUNY,11.672878360925388
2025-10-31 05:25:00,CLUNY,11.672878360981104
2025-10-31 05:30:00,CLUNY,11.672878361020105
2025-10-31 05:35:00,CLUNY,11.672878361047406
2025-10-31 05:40:00,CLUNY,11.672878361066516
2025-10-31 05:45:00,CLUNY,11.672878361079894
2025-10-31 05:50:00,CLUNY,11.672878361089259
2025-10-31 05:55:00,CLUNY,11.672878361095814
2025-10-31 06:00:00,CLUNY,11.672878361100402
2025-10-31 06:05:00,CLUNY,11.672878361103614
2025-10-31 06:10:00,CLUNY,11.672878361105862
2025-10-31 06:15:00,CLUNY,11.672878361107436
2025-10-31 06:20:00,CLUNY,11.672878361108538
2025-10-31 06:25:00,CLUNY,11.672878361109309
2025-10-31 06:30:00,CLUNY,11.672878361109849
2025-10-31 06:35:00,CLUNY,11.672878361110227
2025-10-31 06:40:00,CLUNY,11.672878361110492
2025-10-31 06:45:00,CLUNY,11.672878361110676
2025-10-31 06:50:00,CLUNY,11.672878361110806
2025-10-31 06:55:00,CLUNY,11.672878361110897
2025-10-31 07:00:00,CLUNY,11.67287836111096
2025-10-31 07:05:00,CLUNY,11.672878361111005
2025-10-31 07:10:00,CLUNY,11.672878361111035
2025-10-31 07:15:00,CLUNY,11.672878361111056
2025-10-31 07:20:00,CLUNY,11.672878361111072
2025-10-31 07:25:00,CLUNY,11.672878361111083
2025-10-31 07:30:00,CLUNY,11.67287836111109
2025-10-31 07:35:00,CLUNY,11.672878361111096
2025-10-31 07:40:00,CLUNY,11.672878361111099
2025-10-31 07:45:00,CLUNY,11.672878361111103
2025-10-31 07:50:00,CLUNY,11.672878361111104
2025-10-31 07:55:00,CLUNY,11.672878361111106
2025-10-31 08:00:00,CLUNY,11.672878361111106
2025-10-31 08:05:00,CLUNY,11.672878361111106
2025-10-31 08:10:00,CLUNY,11.672878361111106
2025-10-31 08:15:00,CLUNY,11.672878361111106
2025-10-31 08:20:00,CLUNY,11.672878361111106
2025-10-31 08:25:00,CLUNY,11.672878361111106
2025-10-31 08:30:00,CLUNY,11.672878361111106
2025-10-31 08:35:00,CLUNY,11.672878361111106
2025-10-31 08:40:00,CLUNY,11.672878361111106
2025-10-31 08:45:00,CLUNY,11.672878361111106
2025-10-31 08:50:00,CLUNY,11.672878361111106
2025-10-31 08:55:00,CLUNY,11.672878361111106
2025-10-31 09:00:00,CLUNY,11.672878361111106
2025-10-31 09:05:00,CLUNY,11.672878361111106
2025-10-31 09:10:00,CLUNY,11.672878361111106
2025-10-31 09:15:00,CLUNY,11.672878361111106
2025-10-31 09:20:00,CLUNY,11.672878361111106
2025-10-31 09:25:00,CLUNY,11.672878361111106
2025-10-31 09:30:00,CLUNY,11.672878361111106
2025-10-31 09:35:00,CLUNY,11.672878361111106
2025-10-31 09:40:00,CLUNY,11.672878361111106
2025-10-31 09:45:00,CLUNY,11.672878361111106
2025-10-31 09:50:00,CLUNY,11.672878361111106
2025-10-31 09:55:00,CLUNY,11.672878361111106
2025-10-31 10:00:00,CLUNY,11.672878361111106
2025-10-31 10:05:00,CLUNY,11.672878361111106
2025-10-31 10:10:00,CLUNY,11.672878361111106
2025-10-31 10:15:00,CLUNY,11.672878361111106
2025-10-31 10:20:00,CLUNY,11.672878361111106
2025-10-31 10:25:00,CLUNY,11.672878361111106
2025-10-31 10:30:00,CLUNY,11.672878361111106
2025-10-31 10:35:00,CLUNY,11.672878361111106
2025-10-31 10:40:00,CLUNY,11.672878361111106
2025-10-31 10:45:00,CLUNY,11.672878361111106
2025-10-31 10:50:00,CLUNY,11.672878361111106
2025-10-31 10:55:00,CLUNY,11.672878361111106
2025-10-31 11:00:00,CLUNY,11.672878361111106
2025-10-31 11:05:00,CLUNY,11.672878361111106
2025-10-31 11:10:00,CLUNY,11.672878361111106
2025-10-31 11:15:00,CLUNY,11.672878361111106
2025-10-31 11:20:00,CLUNY,11.672878361111106
2025-10-31 11:25:00,CLUNY,11.672878361111106
2025-10-31 11:30:00,CLUNY,11.672878361111106
2025-10-31 11:35:00,CLUNY,11.672878361111106
2025-10-31 11:40:00,CLUNY,11.672878361111106
2025-10-31 11:45:00,CLUNY,11.672878361111106
2025-10-31 11:50:00,CLUNY,11.672878361111106
2025-10-31 11:55:00,CLUNY,11.672878361111106
2025-10-31 12:00:00,CLUNY,11.672878361111106
2025-10-31 12:05:00,CLUNY,11.672878361111106
2025-10-31 12:10:00,CLUNY,11.672878361111106
2025-10-31 12:15:00,CLUNY,11.672878361111106
2025-10-31 12:20:00,CLUNY,11.672878361111106
2025-10-31 12:25:00,CLUNY,11.672878361111106
2025-10-31 12:30:00,CLUNY,11.672878361111106
2025-10-31 12:35:00,CLUNY,11.672878361111106
2025-10-31 12:40:00,CLUNY,11.672878361111106
2025-10-31 12:45:00,CLUNY,11.672878361111106
2025-10-31 12:50:00,CLUNY,11.672878361111106
2025-10-31 12:55:00,CLUNY,11.672878361111106
2025-10-31 13:00:00,CLUNY,11.672878361111106
2025-10-31 13:05:00,CLUNY,11.672878361111106
2025-10-31 13:10:00,CLUNY,11.672878361111106
2025-10-31 13:15:00,CLUNY,11.672878361111106
2025-10-31 13:20:00,CLUNY,11.672878361111106
2025-10-31 13:25:00,CLUNY,11.672878361111106
2025-10-31 13:30:00,CLUNY,11.672878361111106
2025-10-31 13:35:00,CLUNY,11.672878361111106
2025-10-31 13:40:00,CLUNY,11.672878361111106
2025-10-31 13:45:00,CLUNY,11.672878361111106
2025-10-31 13:50:00,CLUNY,11.672878361111106
2025-10-31 13:55:00,CLUNY,11.672878361111106
2025-10-31 14:00:00,CLUNY,11.672878361111106
2025-10-31 14:05:00,CLUNY,11.672878361111106
2025-10-31 14:10:00,CLUNY,11.672878361111106
2025-10-31 14:15:00,CLUNY,11.672878361111106
2025-10-31 14:20:00,CLUNY,11.672878361111106
2025-10-31 14:25:00,CLUNY,11.672878361111106
2025-10-31 14:30:00,CLUNY,11.672878361111106
2025-10-31 14:35:00,CLUNY,11.672878361111106
2025-10-31 14:40:00,CLUNY,11.672878361111106
2025-10-31 14:45:00,CLUNY,11.672878361111106
2025-10-31 14:50:00,CLUNY,11.672878361111106
2025-10-31 14:55:00,CLUNY,11.672878361111106
2025-10-31 15:00:00,CLUNY,11.672878361111106
2025-10-31 15:05:00,CLUNY,11.672878361111106
2025-10-31 15:10:00,CLUNY,11.672878361111106
2025-10-31 15:15:00,CLUNY,11.672878361111106
2025-10-31 15:20:00,CLUNY,11.672878361111106
2025-10-31 15:25:00,CLUNY,11.672878361111106
2025-10-31 15:30:00,CLUNY,11.672878361111106
2025-10-31 15:35:00,CLUNY,11.672878361111106
2025-10-31 15:40:00,CLUNY,11.672878361111106
2025-10-31 15:45:00,CLUNY,11.672878361111106
2025-10-31 15:50:00,CLUNY,11.672878361111106
2025-10-31 15:55:00,CLUNY,11.672878361111106
2025-10-31 16:00:00,CLUNY,11.672878361111106
2025-10-31 16:05:00,CLUNY,11.672878361111106
2025-10-31 16:10:00,CLUNY,11.672878361111106
2025-10-31 16:15:00,CLUNY,11.672878361111106
2025-10-31 16:20:00,CLUNY,11.672878361111106
2025-10-31 16:25:00,CLUNY,11.672878361111106
2025-10-31 16:30:00,CLUNY,11.672878361111106
2025-10-31 16:35:00,CLUNY,11.672878361111106
2025-10-31 16:40:00,CLUNY,11.672878361111106
2025-10-31 16:45:00,CLUNY,11.672878361111106
2025-10-31 16:50:00,CLUNY,11.672878361111106
2025-10-31 16:55:00,CLUNY,11.672878361111106
2025-10-31 17:00:00,CLUNY,11.672878361111106
2025-10-31 17:05:00,CLUNY,11.672878361111106
2025-10-31 17:10:00,CLUNY,11.672878361111106
2025-10-31 17:15:00,CLUNY,11.672878361111106
2025-10-31 17:20:00,CLUNY,11.672878361111106
2025-10-31 17:25:00,CLUNY,11.672878361111106
2025-10-31 17:30:00,CLUNY,11.672878361111106
2025-10-31 17:35:00,CLUNY,11.672878361111106
2025-10-31 17:40:00,CLUNY,11.672878361111106
2025-10-31 17:45:00,CLUNY,11.672878361111106
2025-10-31 17:50:00,CLUNY,11.672878361111106
2025-10-31 17:55:00,CLUNY,11.672878361111106
2025-10-31 18:00:00,CLUNY,11.672878361111106
2025-10-31 18:05:00,CLUNY,11.672878361111106
2025-10-31 18:10:00,CLUNY,11.672878361111106
2025-10-31 18:15:00,CLUNY,11.672878361111106
2025-10-31 18:20:00,CLUNY,11.672878361111106
2025-10-31 18:25:00,CLUNY,11.672878361111106
2025-10-31 18:30:00,CLUNY,11.672878361111106
2025-10-31 18:35:00,CLUNY,11.672878361111106
2025-10-31 18:40:00,CLUNY,11.672878361111106
2025-10-31 18:45:00,CLUNY,11.672878361111106
2025-10-31 18:50:00,CLUNY,11.672878361111106
2025-10-31 18:55:00,CLUNY,11.672878361111106
2025-10-31 19:00:00,CLUNY,11.672878361111106
2025-10-31 19:05:00,CLUNY,11.672878361111106
2025-10-31 19:10:00,CLUNY,11.672878361111106
2025-10-31 19:15:00,CLUNY,11.672878361111106
2025-10-31 19:20:00,CLUNY,11.672878361111106
2025-10-31 19:25:00,CLUNY,11.672878361111106
2025-10-31 19:30:00,CLUNY,11.672878361111106
2025-10-31 19:35:00,CLUNY,11.672878361111106
2025-10-31 19:40:00,CLUNY,11.672878361111106
2025-10-31 19:45:00,CLUNY,11.672878361111106
2025-10-31 19:50:00,CLUNY,11.672878361111106
2025-10-31 19:55:00,CLUNY,11.672878361111106
2025-10-31 20:00:00,CLUNY,11.672878361111106
2025-10-31 20:05:00,CLUNY,11.672878361111106
2025-10-31 20:10:00,CLUNY,11.672878361111106
2025-10-31 20:15:00,CLUNY,11.672878361111106
2025-10-31 20:20:00,CLUNY,11.672878361111106
2025-10-31 20:25:00,CLUNY,11.672878361111106
2025-10-31 20:30:00,CLUNY,11.672878361111106
2025-10-31 20:35:00,CLUNY,11.672878361111106
2025-10-31 20:40:00,CLUNY,11.672878361111106
2025-10-31 20:45:00,CLUNY,11.672878361111106
2025-10-31 20:50:00,CLUNY,11.672878361111106
2025-10-31 20:55:00,CLUNY,11.672878361111106
2025-10-31 21:00:00,CLUNY,11.672878361111106
2025-10-31 21:05:00,CLUNY,11.672878361111106
2025-10-31 21:10:00,CLUNY,11.672878361111106
2025-10-31 21:15:00,CLUNY,11.672878361111106
2025-10-31 21:20:00,CLUNY,11.672878361111106
2025-10-31 21:25:00,CLUNY,11.672878361111106
2025-10-31 21:30:00,CLUNY,11.672878361111106
2025-10-31 21:35:00,CLUNY,11.672878361111106
2025-10-31 21:40:00,CLUNY,11.672878361111106
2025-10-31 21:45:00,CLUNY,11.672878361111106
2025-10-31 21:50:00,CLUNY,11.672878361111106
2025-10-31 21:55:00,CLUNY,11.672878361111106
2025-10-31 22:00:00,CLUNY,11.672878361111106
2025-10-31 22:05:00,CLUNY,11.672878361111106
2025-10-31 22:10:00,CLUNY,11.672878361111106
2025-10-31 22:15:00,CLUNY,11.672878361111106
2025-10-31 22:20:00,CLUNY,11.672878361111106
2025-10-31 22:25:00,CLUNY,11.672878361111106
2025-10-31 22:30:00,CLUNY,11.672878361111106
2025-10-31 22:35:00,CLUNY,11.672878361111106
2025-10-31 22:40:00,CLUNY,11.672878361111106
2025-10-31 22:45:00,CLUNY,11.672878361111106
2025-10-31 22:50:00,CLUNY,11.672878361111106
2025-10-31 22:55:00,CLUNY,11.672878361111106
2025-10-31 23:00:00,CLUNY,11.672878361111106
2025-10-31 23:05:00,CLUNY,11.672878361111106
2025-10-31 23:10:00,CLUNY,11.672878361111106
2025-10-31 23:15:00,CLUNY,11.672878361111106
2025-10-31 23:20:00,CLUNY,11.672878361111106
2025-10-31 23:25:00,CLUNY,11.672878361111106
2025-10-31 23:30:00,CLUNY,11.672878361111106
2025-10-31 23:35:00,CLUNY,11.672878361111106
2025-10-31 23:40:00,CLUNY,11.672878361111106
2025-10-31 23:45:00,CLUNY,11.672878361111106
2025-10-31 23:50:00,CLUNY,11.672878361111106
2025-10-31 23:55:00,CLUNY,11.672878361111106
2025-10-31 00:00:00,CRURWF1,15.135385946766675
2025-10-31 00:05:00,CRURWF1,11.740068662736672
2025-10-31 00:10:00,CRURWF1,9.36334656391567
2025-10-31 00:15:00,CRURWF1,7.699641094740969
2025-10-31 00:20:00,CRURWF1,6.535047266318678
2025-10-31 00:25:00,CRURWF1,5.719831586423074
2025-10-31 00:30:00,CRURWF1,5.149180610496152
2025-10-31 00:35:00,CRURWF1,4.749724927347306
2025-10-31 00:40:00,CRURWF1,4.4701059491431145
2025-10-31 00:45:00,CRURWF1,4.27437266440018
2025-10-31 00:50:00,CRURWF1,4.137359365080126
2025-10-31 00:55:00,CRURWF1,4.041450055556088
2025-10-31 01:00:00,CRURWF1,3.974313538889261
2025-10-31 01:05:00,CRURWF1,3.927317977222483
2025-10-31 01:10:00,CRURWF1,3.894421084055738
2025-10-31 01:15:00,CRURWF1,3.8713932588390163
2025-10-31 01:20:00,CRURWF1,3.8552737811873112
2025-10-31 01:25:00,CRURWF1,3.8439901468311177
2025-10-31 01:30:00,CRURWF1,3.8360916027817824
2025-10-31 01:35:00,CRURWF1,3.8305626219472475
2025-10-31 01:40:00,CRURWF1,3.8266923353630733
2025-10-31 01:45:00,CRURWF1,3.823983134754151
2025-10-31 01:50:00,CRURWF1,3.8220866943279055
2025-10-31 01:55:00,CRURWF1,3.820759186029534
2025-10-31 02:00:00,CRURWF1,3.8198299302206733
2025-10-31 02:05:00,CRURWF1,3.819179451154471
2025-10-31 02:10:00,CRURWF1,3.8187241158081298
2025-10-31 02:15:00,CRURWF1,3.818405381065691
2025-10-31 02:20:00,CRURWF1,3.8181822667459833
2025-10-31 02:25:00,CRURWF1,3.8180260867221882
2025-10-31 02:30:00,CRURWF1,3.8179167607055318
2025-10-31 02:35:00,CRURWF1,3.817840232493872
2025-10-31 02:40:00,CRURWF1,3.81778666274571
2025-10-31 02:45:00,CRURWF1,3.817749163921997
2025-10-31 02:50:00,CRURWF1,3.8177229147453975
2025-10-31 02:55:00,CRURWF1,3.817704540321778
2025-10-31 03:00:00,CRURWF1,3.8176916782252444
2025-10-31 03:05:00,CRURWF1,3.817682674757671
2025-10-31 03:10:00,CRURWF1,3.8176763723303697
2025-10-31 03:15:00,CRURWF1,3.817671960631259
2025-10-31 03:20:00,CRURWF1,3.817668872441881
2025-10-31 03:25:00,CRURWF1,3.8176667107093163
2025-10-31 03:30:00,CRURWF1,3.8176651974965212
2025-10-31 03:35:00,CRURWF1,3.8176641382475647
2025-10-31 03:40:00,CRURWF1,3.817663396773295
2025-10-31 03:45:00,CRURWF1,3.8176628777413066
2025-10-31 03:50:00,CRURWF1,3.8176625144189145
2025-10-31 03:55:00,CRURWF1,3.81766226009324
2025-10-31 04:00:00,CRURWF1,3.817662082065268
2025-10-31 04:05:00,CRURWF1,3.8176619574456874
2025-10-31 04:10:00,CRURWF1,3.817661870211981
2025-10-31 04:15:00,CRURWF1,3.8176618091483863
2025-10-31 04:20:00,CRURWF1,3.8176617664038703
2025-10-31 04:25:00,CRURWF1,3.8176617364827092
2025-10-31 04:30:00,CRURWF1,3.8176617155378962
2025-10-31 04:35:00,CRURWF1,3.8176617008765272
2025-10-31 04:40:00,CRURWF1,3.8176616906135687
2025-10-31 04:45:00,CRURWF1,3.817661683429498
2025-10-31 04:50:00,CRURWF1,3.8176616784006483
2025-10-31 04:55:00,CRURWF1,3.8176616748804535
2025-10-31 05:00:00,CRURWF1,3.8176616724163175
2025-10-31 05:05:00,CRURWF1,3.817661670691422
2025-10-31 05:10:00,CRURWF1,3.8176616694839955
2025-10-31 05:15:00,CRURWF1,3.8176616686387965
2025-10-31 05:20:00,CRURWF1,3.8176616680471573
2025-10-31 05:25:00,CRURWF1,3.81766166763301
2025-10-31 05:30:00,CRURWF1,3.8176616673431067
2025-10-31 05:35:00,CRURWF1,3.8176616671401744
2025-10-31 05:40:00,CRURWF1,3.817661666998122
2025-10-31 05:45:00,CRURWF1,3.817661666898685
2025-10-31 05:50:00,CRURWF1,3.8176616668290793
2025-10-31 05:55:00,CRURWF1,3.817661666780355
2025-10-31 06:00:00,CRURWF1,3.8176616667462486
2025-10-31 06:05:00,CRURWF1,3.817661666722374
2025-10-31 06:10:00,CRURWF1,3.8176616667056615
2025-10-31 06:15:00,CRURWF1,3.817661666693963
2025-10-31 06:20:00,CRURWF1,3.817661666685774
2025-10-31 06:25:00,CRURWF1,3.8176616666800416
2025-10-31 06:30:00,CRURWF1,3.817661666676029
2025-10-31 06:35:00,CRURWF1,3.81766166667322
2025-10-31 06:40:00,CRURWF1,3.817661666671254
2025-10-31 06:45:00,CRURWF1,3.8176616666698777
2025-10-31 06:50:00,CRURWF1,3.817661666668914
2025-10-31 06:55:00,CRURWF1,3.8176616666682395
2025-10-31 07:00:00,CRURWF1,3.8176616666677674
2025-10-31 07:05:00,CRURWF1,3.817661666667437
2025-10-31 07:10:00,CRURWF1,3.8176616666672056
2025-10-31 07:15:00,CRURWF1,3.817661666667044
2025-10-31 07:20:00,CRURWF1,3.8176616666669307
2025-10-31 07:25:00,CRURWF1,3.8176616666668513
2025-10-31 07:30:00,CRURWF1,3.8176616666667957
2025-10-31 07:35:00,CRURWF1,3.8176616666667567
2025-10-31 07:40:00,CRURWF1,3.8176616666667296
2025-10-31 07:45:00,CRURWF1,3.8176616666667105
2025-10-31 07:50:00,CRURWF1,3.817661666666697
2025-10-31 07:55:00,CRURWF1,3.817661666666688
2025-10-31 08:00:00,CRURWF1,3.817661666666681
2025-10-31 08:05:00,CRURWF1,3.8176616666666767
2025-10-31 08:10:00,CRURWF1,3.8176616666666736
2025-10-31 08:15:00,CRURWF1,3.8176616666666714
2025-10-31 08:20:00,CRURWF1,3.8176616666666696
2025-10-31 08:25:00,CRURWF1,3.8176616666666687
2025-10-31 08:30:00,CRURWF1,3.817661666666668
2025-10-31 08:35:00,CRURWF1,3.8176616666666674
2025-10-31 08:40:00,CRURWF1,3.817661666666667
2025-10-31 08:45:00,CRURWF1,3.8176616666666665
2025-10-31 08:50:00,CRURWF1,3.8176616666666665
2025-10-31 08:55:00,CRURWF1,3.8176616666666665
2025-10-31 09:00:00,CRURWF1,3.8176616666666665
2025-10-31 09:05:00,CRURWF1,3.8176616666666665
2025-10-31 09:10:00,CRURWF1,3.8176616666666665
2025-10-31 09:15:00,CRURWF1,3.8176616666666665
2025-10-31 09:20:00,CRURWF1,3.8176616666666665
2025-10-31 09:25:00,CRURWF1,3.8176616666666665
2025-10-31 09:30:00,CRURWF1,3.8176616666666665
2025-10-31 09:35:00,CRURWF1,3.8176616666666665
2025-10-31 09:40:00,CRURWF1,3.8176616666666665
2025-10-31 09:45:00,CRURWF1,3.8176616666666665
2025-10-31 09:50:00,CRURWF1,3.8176616666666665
2025-10-31 09:55:00,CRURWF1,3.8176616666666665
2025-10-31 10:00:00,CRURWF1,3.8176616666666665
2025-10-31 10:05:00,CRURWF1,3.8176616666666665
2025-10-31 10:10:00,CRURWF1,3.8176616666666665
2025-10-31 10:15:00,CRURWF1,3.8176616666666665
2025-10-31 10:20:00,CRURWF1,3.8176616666666665
2025-10-31 10:25:00,CRURWF1,3.8176616666666665
2025-10-31 10:30:00,CRURWF1,3.8176616666666665
2025-10-31 10:35:00,CRURWF1,3.8176616666666665
2025-10-31 10:40:00,CRURWF1,3.8176616666666665
2025-10-31 10:45:00,CRURWF1,3.8176616666666665
2025-10-31 10:50:00,CRURWF1,3.8176616666666665
2025-10-31 10:55:00,CRURWF1,3.8176616666666665
2025-10-31 11:00:00,CRURWF1,3.8176616666666665
2025-10-31 11:05:00,CRURWF1,3.8176616666666665
2025-10-31 11:10:00,CRURWF1,3.8176616666666665
2025-10-31 11:15:00,CRURWF1,3.8176616666666665
2025-10-31 11:20:00,CRURWF1,3.8176616666666665
2025-10-31 11:25:00,CRURWF1,3.8176616666666665
2025-10-31 11:30:00,CRURWF1,3.8176616666666665
2025-10-31 11:35:00,CRURWF1,3.8176616666666665
2025-10-31 11:40:00,CRURWF1,3.8176616666666665
2025-10-31 11:45:00,CRURWF1,3.8176616666666665
2025-10-31 11:50:00,CRURWF1,3.8176616666666665
2025-10-31 11:55:00,CRURWF1,3.8176616666666665
2025-10-31 12:00:00,CRURWF1,3.8176616666666665
2025-10-31 12:05:00,CRURWF1,3.8176616666666665
2025-10-31 12:10:00,CRURWF1,3.8176616666666665
2025-10-31 12:15:00,CRURWF1,3.8176616666666665
2025-10-31 12:20:00,CRURWF1,3.8176616666666665
2025-10-31 12:25:00,CRURWF1,3.8176616666666665
2025-10-31 12:30:00,CRURWF1,3.8176616666666665
2025-10-31 12:35:00,CRURWF1,3.8176616666666665
2025-10-31 12:40:00,CRURWF1,3.8176616666666665
2025-10-31 12:45:00,CRURWF1,3.8176616666666665
2025-10-31 12:50:00,CRURWF1,3.8176616666666665
2025-10-31 12:55:00,CRURWF1,3.8176616666666665
2025-10-31 13:00:00,CRURWF1,3.8176616666666665
2025-10-31 13:05:00,CRURWF1,3.8176616666666665
2025-10-31 13:10:00,CRURWF1,3.8176616666666665
2025-10-31 13:15:00,CRURWF1,3.8176616666666665
2025-10-31 13:20:00,CRURWF1,3.8176616666666665
2025-10-31 13:25:00,CRURWF1,3.8176616666666665
2025-10-31 13:30:00,CRURWF1,3.8176616666666665
2025-10-31 13:35:00,CRURWF1,3.8176616666666665
2025-10-31 13:40:00,CRURWF1,3.8176616666666665
2025-10-31 13:45:00,CRURWF1,3.8176616666666665
2025-10-31 13:50:00,CRURWF1,3.8176616666666665
2025-10-31 13:55:00,CRURWF1,3.8176616666666665
2025-10-31 14:00:00,CRURWF1,3.8176616666666665
2025-10-31 14:05:00,CRURWF1,3.8176616666666665
2025-10-31 14:10:00,CRURWF1,3.8176616666666665
2025-10-31 14:15:00,CRURWF1,3.8176616666666665
2025-10-31 14:20:00,CRURWF1,3.8176616666666665
2025-10-31 14:25:00,CRURWF1,3.8176616666666665
2025-10-31 14:30:00,CRURWF1,3.8176616666666665
2025-10-31 14:35:00,CRURWF1,3.8176616666666665
2025-10-31 14:40:00,CRURWF1,3.8176616666666665
2025-10-31 14:45:00,CRURWF1,3.8176616666666665
2025-10-31 14:50:00,CRURWF1,3.8176616666666665
2025-10-31 14:55:00,CRURWF1,3.8176616666666665
2025-10-31 15:00:00,CRURWF1,3.8176616666666665
2025-10-31 15:05:00,CRURWF1,3.8176616666666665
2025-10-31 15:10:00,CRURWF1,3.8176616666666665
2025-10-31 15:15:00,CRURWF1,3.8176616666666665
2025-10-31 15:20:00,CRURWF1,3.8176616666666665
2025-10-31 15:25:00,CRURWF1,3.8176616666666665
2025-10-31 15:30:00,CRURWF1,3.8176616666666665
2025-10-31 15:35:00,CRURWF1,3.8176616666666665
2025-10-31 15:40:00,CRURWF1,3.8176616666666665
2025-10-31 15:45:00,CRURWF1,3.8176616666666665
2025-10-31 15:50:00,CRURWF1,3.8176616666666665
2025-10-31 15:55:00,CRURWF1,3.8176616666666665
2025-10-31 16:00:00,CRURWF1,3.8176616666666665
2025-10-31 16:05:00,CRURWF1,3.8176616666666665
2025-10-31 16:10:00,CRURWF1,3.8176616666666665
2025-10-31 16:15:00,CRURWF1,3.8176616666666665
2025-10-31 16:20:00,CRURWF1,3.8176616666666665
2025-10-31 16:25:00,CRURWF1,3.8176616666666665
2025-10-31 16:30:00,CRURWF1,3.8176616666666665
2025-10-31 16:35:00,CRURWF1,3.8176616666666665
2025-10-31 16:40:00,CRURWF1,3.8176616666666665
2025-10-31 16:45:00,CRURWF1,3.8176616666666665
2025-10-31 16:50:00,CRURWF1,3.8176616666666665
2025-10-31 16:55:00,CRURWF1,3.8176616666666665
2025-10-31 17:00:00,CRURWF1,3.8176616666666665
2025-10-31 17:05:00,CRURWF1,3.8176616666666665
2025-10-31 17:10:00,CRURWF1,3.8176616666666665
2025-10-31 17:15:00,CRURWF1,3.8176616666666665
2025-10-31 17:20:00,CRURWF1,3.8176616666666665
2025-10-31 17:25:00,CRURWF1,3.8176616666666665
2025-10-31 17:30:00,CRURWF1,3.8176616666666665
2025-10-31 17:35:00,CRURWF1,3.8176616666666665
2025-10-31 17:40:00,CRURWF1,3.8176616666666665
2025-10-31 17:45:00,CRURWF1,3.8176616666666665
2025-10-31 17:50:00,CRURWF1,3.8176616666666665
2025-10-31 17:55:00,CRURWF1,3.8176616666666665
2025-10-31 18:00:00,CRURWF1,3.8176616666666665
2025-10-31 18:05:00,CRURWF1,3.8176616666666665
2025-10-31 18:10:00,CRURWF1,3.8176616666666665
2025-10-31 18:15:00,CRURWF1,3.8176616666666665
2025-10-31 18:20:00,CRURWF1,3.8176616666666665
2025-10-31 18:25:00,CRURWF1,3.8176616666666665
2025-10-31 18:30:00,CRURWF1,3.8176616666666665
2025-10-31 18:35:00,CRURWF1,3.8176616666666665
2025-10-31 18:40:00,CRURWF1,3.8176616666666665
2025-10-31 18:45:00,CRURWF1,3.8176616666666665
2025-10-31 18:50:00,CRURWF1,3.8176616666666665
2025-10-31 18:55:00,CRURWF1,3.8176616666666665
2025-10-31 19:00:00,CRURWF1,3.8176616666666665
2025-10-31 19:05:00,CRURWF1,3.8176616666666665
2025-10-31 19:10:00,CRURWF1,3.8176616666666665
2025-10-31 19:15:00,CRURWF1,3.8176616666666665
2025-10-31 19:20:00,CRURWF1,3.8176616666666665
2025-10-31 19:25:00,CRURWF1,3.8176616666666665
2025-10-31 19:30:00,CRURWF1,3.8176616666666665
2025-10-31 19:35:00,CRURWF1,3.8176616666666665
2025-10-31 19:40:00,CRURWF1,3.8176616666666665
2025-10-31 19:45:00,CRURWF1,3.8176616666666665
2025-10-31 19:50:00,CRURWF1,3.8176616666666665
2025-10-31 19:55:00,CRURWF1,3.8176616666666665
2025-10-31 20:00:00,CRURWF1,3.8176616666666665
2025-10-31 20:05:00,CRURWF1,3.8176616666666665
2025-10-31 20:10:00,CRURWF1,3.8176616666666665
2025-10-31 20:15:00,CRURWF1,3.8176616666666665
2025-10-31 20:20:00,CRURWF1,3.8176616666666665
2025-10-31 20:25:00,CRURWF1,3.8176616666666665
2025-10-31 20:30:00,CRURWF1,3.8176616666666665
2025-10-31 20:35:00,CRURWF1,3.8176616666666665
2025-10-31 20:40:00,CRURWF1,3.8176616666666665
2025-10-31 20:45:00,CRURWF1,3.8176616666666665
2025-10-31 20:50:00,CRURWF1,3.8176616666666665
2025-10-31 20:55:00,CRURWF1,3.8176616666666665
2025-10-31 21:00:00,CRURWF1,3.8176616666666665
2025-10-31 21:05:00,CRURWF1,3.8176616666666665
2025-10-31 21:10:00,CRURWF1,3.8176616666666665
2025-10-31 21:15:00,CRURWF1,3.8176616666666665
2025-10-31 21:20:00,CRURWF1,3.8176616666666665
2025-10-31 21:25:00,CRURWF1,3.8176616666666665
2025-10-31 21:30:00,CRURWF1,3.8176616666666665
2025-10-31 21:35:00,CRURWF1,3.8176616666666665
2025-10-31 21:40:00,CRURWF1,3.8176616666666665
2025-10-31 21:45:00,CRURWF1,3.8176616666666665
2025-10-31 21:50:00,CRURWF1,3.8176616666666665
2025-10-31 21:55:00,CRURWF1,3.8176616666666665
2025-10-31 22:00:00,CRURWF1,3.8176616666666665
2025-10-31 22:05:00,CRURWF1,3.8176616666666665
2025-10-31 22:10:00,CRURWF1,3.8176616666666665
2025-10-31 22:15:00,CRURWF1,3.8176616666666665
2025-10-31 22:20:00,CRURWF1,3.8176616666666665
2025-10-31 22:25:00,CRURWF1,3.8176616666666665
2025-10-31 22:30:00,CRURWF1,3.8176616666666665
2025-10-31 22:35:00,CRURWF1,3.8176616666666665
2025-10-31 22:40:00,CRURWF1,3.8176616666666665
2025-10-31 22:45:00,CRURWF1,3.8176616666666665
2025-10-31 22:50:00,CRURWF1,3.8176616666666665
2025-10-31 22:55:00,CRURWF1,3.8176616666666665
2025-10-31 23:00:00,CRURWF1,3.8176616666666665
2025-10-31 23:05:00,CRURWF1,3.8176616666666665
2025-10-31 23:10:00,CRURWF1,3.8176616666666665
2025-10-31 23:15:00,CRURWF1,3.8176616666666665
2025-10-31 23:20:00,CRURWF1,3.8176616666666665
2025-10-31 23:25:00,CRURWF1,3.8176616666666665
2025-10-31 23:30:00,CRURWF1,3.8176616666666665
2025-10-31 23:35:00,CRURWF1,3.8176616666666665
2025-10-31 23:40:00,CRURWF1,3.8176616666666665
2025-10-31 23:45:00,CRURWF1,3.8176616666666665
2025-10-31 23:50:00,CRURWF1,3.8176616666666665
2025-10-31 23:55:00,CRURWF1,3.8176616666666665
2025-10-31 00:00:00,DUNDWF3,3.083712629288526
2025-10-31 00:05:00,DUNDWF3,5.063869673835301
2025-10-31 00:10:00,DUNDWF3,6.449979605018044
2025-10-31 00:15:00,DUNDWF3,7.420256556845963
2025-10-31 00:20:00,DUNDWF3,8.099450423125507
2025-10-31 00:25:00,DUNDWF3,8.574886129521188
2025-10-31 00:30:00,DUNDWF3,8.907691123998164
2025-10-31 00:35:00,DUNDWF3,9.140654620132048
2025-10-31 00:40:00,DUNDWF3,9.303729067425767
2025-10-31 00:45:00,DUNDWF3,9.417881180531369
2025-10-31 00:50:00,DUNDWF3,9.497787659705292
2025-10-31 00:55:00,DUNDWF3,9.553722195127037
2025-10-31 01:00:00,DUNDWF3,9.592876369922259
2025-10-31 01:05:00,DUNDWF3,9.620284292278914
2025-10-31 01:10:00,DUNDWF3,9.639469837928573
2025-10-31 01:15:00,DUNDWF3,9.652899719883333
2025-10-31 01:20:00,DUNDWF3,9.662300637251667
2025-10-31 01:25:00,DUNDWF3,9.668881279409499
2025-10-31 01:30:00,DUNDWF3,9.673487728919982
2025-10-31 01:35:00,DUNDWF3,9.67671224357732
2025-10-31 01:40:00,DUNDWF3,9.678969403837456
2025-10-31 01:45:00,DUNDWF3,9.680549416019552
2025-10-31 01:50:00,DUNDWF3,9.681655424547019
2025-10-31 01:55:00,DUNDWF3,9.682429630516246
2025-10-31 02:00:00,DUNDWF3,9.682971574694704
2025-10-31 02:05:00,DUNDWF3,9.683350935619625
2025-10-31 02:10:00,DUNDWF3,9.68361648826707
2025-10-31 02:15:00,DUNDWF3,9.683802375120282
2025-10-31 02:20:00,DUNDWF3,9.68393249591753
2025-10-31 02:25:00,DUNDWF3,9.684023580475603
2025-10-31 02:30:00,DUNDWF3,9.684087339666256
2025-10-31 02:35:00,DUNDWF3,9.684131971099712
2025-10-31 02:40:00,DUNDWF3,9.684163213103131
2025-10-31 02:45:00,DUNDWF3,9.684185082505525
2025-10-31 02:50:00,DUNDWF3,9.6842003910872
2025-10-31 02:55:00,DUNDWF3,9.684211107094374
2025-10-31 03:00:00,DUNDWF3,9.684218608299394
2025-10-31 03:05:00,DUNDWF3,9.684223859142909
2025-10-31 03:10:00,DUNDWF3,9.684227534733369
2025-10-31 03:15:00,DUNDWF3,9.684230107646691
2025-10-31 03:20:00,DUNDWF3,9.684231908686016
2025-10-31 03:25:00,DUNDWF3,9.684233169413544
2025-10-31 03:30:00,DUNDWF3,9.684234051922813
2025-10-31 03:35:00,DUNDWF3,9.684234669679302
2025-10-31 03:40:00,DUNDWF3,9.684235102108845
2025-10-31 03:45:00,DUNDWF3,9.684235404809524
2025-10-31 03:50:00,DUNDWF3,9.684235616699999
2025-10-31 03:55:00,DUNDWF3,9.684235765023333
2025-10-31 04:00:00,DUNDWF3,9.684235868849665
2025-10-31 04:05:00,DUNDWF3,9.6842359415281
2025-10-31 04:10:00,DUNDWF3,9.684235992403002
2025-10-31 04:15:00,DUNDWF3,9.684236028015434
2025-10-31 04:20:00,DUNDWF3,9.684236052944136
2025-10-31 04:25:00,DUNDWF3,9.684236070394228
2025-10-31 04:30:00,DUNDWF3,9.684236082609292
2025-10-31 04:35:00,DUNDWF3,9.684236091159837
2025-10-31 04:40:00,DUNDWF3,9.684236097145218
2025-10-31 04:45:00,DUNDWF3,9.684236101334985
2025-10-31 04:50:00,DUNDWF3,9.684236104267823
2025-10-31 04:55:00,DUNDWF3,9.684236106320808
2025-10-31 05:00:00,DUNDWF3,9.684236107757899
2025-10-31 05:05:00,DUNDWF3,9.684236108763862
2025-10-31 05:10:00,DUNDWF3,9.684236109468037
2025-10-31 05:15:00,DUNDWF3,9.684236109960958
2025-10-31 05:20:00,DUNDWF3,9.684236110306003
2025-10-31 05:25:00,DUNDWF3,9.684236110547534
2025-10-31 05:30:00,DUNDWF3,9.684236110716606
2025-10-31 05:35:00,DUNDWF3,9.684236110834958
2025-10-31 05:40:00,DUNDWF3,9.684236110917803
2025-10-31 05:45:00,DUNDWF3,9.684236110975796
2025-10-31 05:50:00,DUNDWF3,9.68423611101639
2025-10-31 05:55:00,DUNDWF3,9.684236111044806
2025-10-31 06:00:00,DUNDWF3,9.684236111064697
2025-10-31 06:05:00,DUNDWF3,9.68423611107862
2025-10-31 06:10:00,DUNDWF3,9.684236111088367
2025-10-31 06:15:00,DUNDWF3,9.68423611109519
2025-10-31 06:20:00,DUNDWF3,9.684236111099967
2025-10-31 06:25:00,DUNDWF3,9.68423611110331
2025-10-31 06:30:00,DUNDWF3,9.68423611110565
2025-10-31 06:35:00,DUNDWF3,9.684236111107287
2025-10-31 06:40:00,DUNDWF3,9.684236111108435
2025-10-31 06:45:00,DUNDWF3,9.684236111109238
2025-10-31 06:50:00,DUNDWF3,9.684236111109799
2025-10-31 06:55:00,DUNDWF3,9.684236111110192
2025-10-31 07:00:00,DUNDWF3,9.684236111110467
2025-10-31 07:05:00,DUNDWF3,9.68423611111066
2025-10-31 07:10:00,DUNDWF3,9.684236111110796
2025-10-31 07:15:00,DUNDWF3,9.68423611111089
2025-10-31 07:20:00,DUNDWF3,9.684236111110955
2025-10-31 07:25:00,DUNDWF3,9.684236111111002
2025-10-31 07:30:00,DUNDWF3,9.684236111111034
2025-10-31 07:35:00,DUNDWF3,9.684236111111057
2025-10-31 07:40:00,DUNDWF3,9.684236111111073
2025-10-31 07:45:00,DUNDWF3,9.684236111111083
2025-10-31 07:50:00,DUNDWF3,9.68423611111109
2025-10-31 07:55:00,DUNDWF3,9.684236111111096
2025-10-31 08:00:00,DUNDWF3,9.6842361111111
2025-10-31 08:05:00,DUNDWF3,9.684236111111103
2025-10-31 08:10:00,DUNDWF3,9.684236111111105
2025-10-31 08:15:00,DUNDWF3,9.684236111111106
2025-10-31 08:20:00,DUNDWF3,9.684236111111108
2025-10-31 08:25:00,DUNDWF3,9.684236111111108
2025-10-31 08:30:00,DUNDWF3,9.684236111111108
2025-10-31 08:35:00,DUNDWF3,9.684236111111108
2025-10-31 08:40:00,DUNDWF3,9.684236111111108
2025-10-31 08:45:00,DUNDWF3,9.684236111111108
2025-10-31 08:50:00,DUNDWF3,9.684236111111108
2025-10-31 08:55:00,DUNDWF3,9.684236111111108
2025-10-31 09:00:00,DUNDWF3,9.684236111111108
2025-10-31 09:05:00,DUNDWF3,9.684236111111108
2025-10-31 09:10:00,DUNDWF3,9.684236111111108
2025-10-31 09:15:00,DUNDWF3,9.684236111111108
2025-10-31 09:20:00,DUNDWF3,9.684236111111108
2025-10-31 09:25:00,DUNDWF3,9.684236111111108
2025-10-31 09:30:00,DUNDWF3,9.684236111111108
2025-10-31 09:35:00,DUNDWF3,9.684236111111108
2025-10-31 09:40:00,DUNDWF3,9.684236111111108
2025-10-31 09:45:00,DUNDWF3,9.684236111111108
2025-10-31 09:50:00,DUNDWF3,9.684236111111108
2025-10-31 09:55:00,DUNDWF3,9.684236111111108
2025-10-31 10:00:00,DUNDWF3,9.684236111111108
2025-10-31 10:05:00,DUNDWF3,9.684236111111108
2025-10-31 10:10:00,DUNDWF3,9.684236111111108
2025-10-31 10:15:00,DUNDWF3,9.684236111111108
2025-10-31 10:20:00,DUNDWF3,9.684236111111108
2025-10-31 10:25:00,DUNDWF3,9.684236111111108
2025-10-31 10:30:00,DUNDWF3,9.684236111111108
2025-10-31 10:35:00,DUNDWF3,9.684236111111108
2025-10-31 10:40:00,DUNDWF3,9.684236111111108
2025-10-31 10:45:00,DUNDWF3,9.684236111111108
2025-10-31 10:50:00,DUNDWF3,9.684236111111108
2025-10-31 10:55:00,DUNDWF3,9.684236111111108
2025-10-31 11:00:00,DUNDWF3,9.684236111111108
2025-10-31 11:05:00,DUNDWF3,9.684236111111108
2025-10-31 11:10:00,DUNDWF3,9.684236111111108
2025-10-31 11:15:00,DUNDWF3,9.684236111111108
2025-10-31 11:20:00,DUNDWF3,9.684236111111108
2025-10-31 11:25:00,DUNDWF3,9.684236111111108
2025-10-31 11:30:00,DUNDWF3,9.684236111111108
2025-10-31 11:35:00,DUNDWF3,9.684236111111108
2025-10-31 11:40:00,DUNDWF3,9.684236111111108
2025-10-31 11:45:00,DUNDWF3,9.684236111111108
2025-10-31 11:50:00,DUNDWF3,9.684236111111108
2025-10-31 11:55:00,DUNDWF3,9.684236111111108
2025-10-31 12:00:00,DUNDWF3,9.684236111111108
2025-10-31 12:05:00,DUNDWF3,9.684236111111108
2025-10-31 12:10:00,DUNDWF3,9.684236111111108
2025-10-31 12:15:00,DUNDWF3,9.684236111111108
2025-10-31 12:20:00,DUNDWF3,9.684236111111108
2025-10-31 12:25:00,DUNDWF3,9.684236111111108
2025-10-31 12:30:00,DUNDWF3,9.684236111111108
2025-10-31 12:35:00,DUNDWF3,9.684236111111108
2025-10-31 12:40:00,DUNDWF3,9.684236111111108
2025-10-31 12:45:00,DUNDWF3,9.684236111111108
2025-10-31 12:50:00,DUNDWF3,9.684236111111108
2025-10-31 12:55:00,DUNDWF3,9.684236111111108
2025-10-31 13:00:00,DUNDWF3,9.684236111111108
2025-10-31 13:05:00,DUNDWF3,9.684236111111108
2025-10-31 13:10:00,DUNDWF3,9.684236111111108
2025-10-31 13:15:00,DUNDWF3,9.684236111111108
2025-10-31 13:20:00,DUNDWF3,9.684236111111108
2025-10-31 13:25:00,DUNDWF3,9.684236111111108
2025-10-31 13:30:00,DUNDWF3,9.684236111111108
2025-10-31 13:35:00,DUNDWF3,9.684236111111108
2025-10-31 13:40:00,DUNDWF3,9.684236111111108
2025-10-31 13:45:00,DUNDWF3,9.684236111111108
2025-10-31 13:50:00,DUNDWF3,9.684236111111108
2025-10-31 13:55:00,DUNDWF3,9.684236111111108
2025-10-31 14:00:00,DUNDWF3,9.684236111111108
2025-10-31 14:05:00,DUNDWF3,9.684236111111108
2025-10-31 14:10:00,DUNDWF3,9.684236111111108
2025-10-31 14:15:00,DUNDWF3,9.684236111111108
2025-10-31 14:20:00,DUNDWF3,9.684236111111108
2025-10-31 14:25:00,DUNDWF3,9.684236111111108
2025-10-31 14:30:00,DUNDWF3,9.684236111111108
2025-10-31 14:35:00,DUNDWF3,9.684236111111108
2025-10-31 14:40:00,DUNDWF3,9.684236111111108
2025-10-31 14:45:00,DUNDWF3,9.684236111111108
2025-10-31 14:50:00,DUNDWF3,9.684236111111108
2025-10-31 14:55:00,DUNDWF3,9.684236111111108
2025-10-31 15:00:00,DUNDWF3,9.684236111111108
2025-10-31 15:05:00,DUNDWF3,9.684236111111108
2025-10-31 15:10:00,DUNDWF3,9.684236111111108
2025-10-31 15:15:00,DUNDWF3,9.684236111111108
2025-10-31 15:20:00,DUNDWF3,9.684236111111108
2025-10-31 15:25:00,DUNDWF3,9.684236111111108
2025-10-31 15:30:00,DUNDWF3,9.684236111111108
2025-10-31 15:35:00,DUNDWF3,9.684236111111108
2025-10-31 15:40:00,DUNDWF3,9.684236111111108
2025-10-31 15:45:00,DUNDWF3,9.684236111111108
2025-10-31 15:50:00,DUNDWF3,9.684236111111108
2025-10-31 15:55:00,DUNDWF3,9.684236111111108
2025-10-31 16:00:00,DUNDWF3,9.684236111111108
2025-10-31 16:05:00,DUNDWF3,9.684236111111108
2025-10-31 16:10:00,DUNDWF3,9.684236111111108
2025-10-31 16:15:00,DUNDWF3,9.684236111111108
2025-10-31 16:20:00,DUNDWF3,9.684236111111108
2025-10-31 16:25:00,DUNDWF3,9.684236111111108
2025-10-31 16:30:00,DUNDWF3,9.684236111111108
2025-10-31 16:35:00,DUNDWF3,9.684236111111108
2025-10-31 16:40:00,DUNDWF3,9.684236111111108
2025-10-31 16:45:00,DUNDWF3,9.684236111111108
2025-10-31 16:50:00,DUNDWF3,9.684236111111108
2025-10-31 16:55:00,DUNDWF3,9.684236111111108
2025-10-31 17:00:00,DUNDWF3,9.684236111111108
2025-10-31 17:05:00,DUNDWF3,9.684236111111108
2025-10-31 17:10:00,DUNDWF3,9.684236111111108
2025-10-31 17:15:00,DUNDWF3,9.684236111111108
2025-10-31 17:20:00,DUNDWF3,9.684236111111108
2025-10-31 17:25:00,DUNDWF3,9.684236111111108
2025-10-31 17:30:00,DUNDWF3,9.684236111111108
2025-10-31 17:35:00,DUNDWF3,9.684236111111108
2025-10-31 17:40:00,DUNDWF3,9.684236111111108
2025-10-31 17:45:00,DUNDWF3,9.684236111111108
2025-10-31 17:50:00,DUNDWF3,9.684236111111108
2025-10-31 17:55:00,DUNDWF3,9.684236111111108
2025-10-31 18:00:00,DUNDWF3,9.684236111111108
2025-10-31 18:05:00,DUNDWF3,9.684236111111108
2025-10-31 18:10:00,DUNDWF3,9.684236111111108
2025-10-31 18:15:00,DUNDWF3,9.684236111111108
2025-10-31 18:20:00,DUNDWF3,9.684236111111108
2025-10-31 18:25:00,DUNDWF3,9.684236111111108
2025-10-31 18:30:00,DUNDWF3,9.684236111111108
2025-10-31 18:35:00,DUNDWF3,9.684236111111108
2025-10-31 18:40:00,DUNDWF3,9.684236111111108
2025-10-31 18:45:00,DUNDWF3,9.684236111111108
2025-10-31 18:50:00,DUNDWF3,9.684236111111108
2025-10-31 18:55:00,DUNDWF3,9.684236111111108
2025-10-31 19:00:00,DUNDWF3,9.684236111111108
2025-10-31 19:05:00,DUNDWF3,9.684236111111108
2025-10-31 19:10:00,DUNDWF3,9.684236111111108
2025-10-31 19:15:00,DUNDWF3,9.684236111111108
2025-10-31 19:20:00,DUNDWF3,9.684236111111108
2025-10-31 19:25:00,DUNDWF3,9.684236111111108
2025-10-31 19:30:00,DUNDWF3,9.684236111111108
2025-10-31 19:35:00,DUNDWF3,9.684236111111108
2025-10-31 19:40:00,DUNDWF3,9.684236111111108
2025-10-31 19:45:00,DUNDWF3,9.684236111111108
2025-10-31 19:50:00,DUNDWF3,9.684236111111108
2025-10-31 19:55:00,DUNDWF3,9.684236111111108
2025-10-31 20:00:00,DUNDWF3,9.684236111111108
2025-10-31 20:05:00,DUNDWF3,9.684236111111108
2025-10-31 20:10:00,DUNDWF3,9.684236111111108
2025-10-31 20:15:00,DUNDWF3,9.684236111111108
2025-10-31 20:20:00,DUNDWF3,9.684236111111108
2025-10-31 20:25:00,DUNDWF3,9.684236111111108
2025-10-31 20:30:00,DUNDWF3,9.684236111111108
2025-10-31 20:35:00,DUNDWF3,9.684236111111108
2025-10-31 20:40:00,DUNDWF3,9.684236111111108
2025-10-31 20:45:00,DUNDWF3,9.684236111111108
2025-10-31 20:50:00,DUNDWF3,9.684236111111108
2025-10-31 20:55:00,DUNDWF3,9.684236111111108
2025-10-31 21:00:00,DUNDWF3,9.684236111111108
2025-10-31 21:05:00,DUNDWF3,9.684236111111108
2025-10-31 21:10:00,DUNDWF3,9.684236111111108
2025-10-31 21:15:00,DUNDWF3,9.684236111111108
2025-10-31 21:20:00,DUNDWF3,9.684236111111108
2025-10-31 21:25:00,DUNDWF3,9.684236111111108
2025-10-31 21:30:00,DUNDWF3,9.684236111111108
2025-10-31 21:35:00,DUNDWF3,9.684236111111108
2025-10-31 21:40:00,DUNDWF3,9.684236111111108
2025-10-31 21:45:00,DUNDWF3,9.684236111111108
2025-10-31 21:50:00,DUNDWF3,9.684236111111108
2025-10-31 21:55:00,DUNDWF3,9.684236111111108
2025-10-31 22:00:00,DUNDWF3,9.684236111111108
2025-10-31 22:05:00,DUNDWF3,9.684236111111108
2025-10-31 22:10:00,DUNDWF3,9.684236111111108
2025-10-31 22:15:00,DUNDWF3,9.684236111111108
2025-10-31 22:20:00,DUNDWF3,9.684236111111108
2025-10-31 22:25:00,DUNDWF3,9.684236111111108
2025-10-31 22:30:00,DUNDWF3,9.684236111111108
2025-10-31 22:35:00,DUNDWF3,9.684236111111108
2025-10-31 22:40:00,DUNDWF3,9.684236111111108
2025-10-31 22:45:00,DUNDWF3,9.684236111111108
2025-10-31 22:50:00,DUNDWF3,9.684236111111108
2025-10-31 22:55:00,DUNDWF3,9.684236111111108
2025-10-31 23:00:00,DUNDWF3,9.684236111111108
2025-10-31 23:05:00,DUNDWF3,9.684236111111108
2025-10-31 23:10:00,DUNDWF3,9.684236111111108
2025-10-31 23:15:00,DUNDWF3,9.684236111111108
2025-10-31 23:20:00,DUNDWF3,9.684236111111108
2025-10-31 23:25:00,DUNDWF3,9.684236111111108
2025-10-31 23:30:00,DUNDWF3,9.684236111111108
2025-10-31 23:35:00,DUNDWF3,9.684236111111108
2025-10-31 23:40:00,DUNDWF3,9.684236111111108
2025-10-31 23:45:00,DUNDWF3,9.684236111111108
2025-10-31 23:50:00,DUNDWF3,9.684236111111108
2025-10-31 23:55:00,DUNDWF3,9.684236111111108
2025-10-31 00:00:00,JBUTTERS,112.72088527612974
2025-10-31 00:05:00,JBUTTERS,118.55077900579082
2025-10-31 00:10:00,JBUTTERS,122.63170461655355
2025-10-31 00:15:00,JBUTTERS,125.48835254408746
2025-10-31 00:20:00,JBUTTERS,127.48800609336121
2025-10-31 00:25:00,JBUTTERS,128.88776357785284
2025-10-31 00:30:00,JBUTTERS,129.867593816997
2025-10-31 00:35:00,JBUTTERS,130.5534749843979
2025-10-31 00:40:00,JBUTTERS,131.03359180157852
2025-10-31 00:45:00,JBUTTERS,131.36967357360496
2025-10-31 00:50:00,JBUTTERS,131.60493081402345
2025-10-31 00:55:00,JBUTTERS,131.7696108823164
2025-10-31 01:00:00,JBUTTERS,131.88488693012147
2025-10-31 01:05:00,JBUTTERS,131.96558016358503
2025-10-31 01:10:00,JBUTTERS,132.02206542700952
2025-10-31 01:15:00,JBUTTERS,132.06160511140666
2025-10-31 01:20:00,JBUTTERS,132.08928289048467
2025-10-31 01:25:00,JBUTTERS,132.10865733583927
2025-10-31 01:30:00,JBUTTERS,132.12221944758747
2025-10-31 01:35:00,JBUTTERS,132.13171292581123
2025-10-31 01:40:00,JBUTTERS,132.13835836056785
2025-10-31 01:45:00,JBUTTERS,132.14301016489748
2025-10-31 01:50:00,JBUTTERS,132.14626642792823
2025-10-31 01:55:00,JBUTTERS,132.14854581204975
2025-10-31 02:00:00,JBUTTERS,132.15014138093483
2025-10-31 02:05:00,JBUTTERS,132.15125827915438
2025-10-31 02:10:00,JBUTTERS,132.15204010790805
2025-10-31 02:15:00,JBUTTERS,132.1525873880356
2025-10-31 02:20:00,JBUTTERS,132.15297048412492
2025-10-31 02:25:00,JBUTTERS,132.15323865138743
2025-10-31 02:30:00,JBUTTERS,132.1534263684712
2025-10-31 02:35:00,JBUTTERS,132.15355777042984
2025-10-31 02:40:00,JBUTTERS,132.15364975180088
2025-10-31 02:45:00,JBUTTERS,132.15371413876062
2025-10-31 02:50:00,JBUTTERS,132.15375920963243
2025-10-31 02:55:00,JBUTTERS,132.1537907592427
2025-10-31 03:00:00,JBUTTERS,132.1538128439699
2025-10-31 03:05:00,JBUTTERS,132.1538283032789
2025-10-31 03:10:00,JBUTTERS,132.15383912479524
2025-10-31 03:15:00,JBUTTERS,132.15384669985667
2025-10-31 03:20:00,JBUTTERS,132.15385200239967
2025-10-31 03:25:00,JBUTTERS,132.15385571417977
2025-10-31 03:30:00,JBUTTERS,132.15385831242583
2025-10-31 03:35:00,JBUTTERS,132.15386013119806
2025-10-31 03:40:00,JBUTTERS,132.15386140433864
2025-10-31 03:45:00,JBUTTERS,132.15386229553704
2025-10-31 03:50:00,JBUTTERS,132.1538629193759
2025-10-31 03:55:00,JBUTTERS,132.15386335606314
2025-10-31 04:00:00,JBUTTERS,132.1538636617442
2025-10-31 04:05:00,JBUTTERS,132.15386387572093
2025-10-31 04:10:00,JBUTTERS,132.15386402550465
2025-10-31 04:15:00,JBUTTERS,132.15386413035324
2025-10-31 04:20:00,JBUTTERS,132.15386420374725
2025-10-31 04:25:00,JBUTTERS,132.15386425512307
2025-10-31 04:30:00,JBUTTERS,132.15386429108614
2025-10-31 04:35:00,JBUTTERS,132.1538643162603
2025-10-31 04:40:00,JBUTTERS,132.1538643338822
2025-10-31 04:45:00,JBUTTERS,132.15386434621755
2025-10-31 04:50:00,JBUTTERS,132.15386435485226
2025-10-31 04:55:00,JBUTTERS,132.15386436089656
2025-10-31 05:00:00,JBUTTERS,132.1538643651276
2025-10-31 05:05:00,JBUTTERS,132.1538643680893
2025-10-31 05:10:00,JBUTTERS,132.1538643701625
2025-10-31 05:15:00,JBUTTERS,132.15386437161374
2025-10-31 05:20:00,JBUTTERS,132.1538643726296
2025-10-31 05:25:00,JBUTTERS,132.15386437334072
2025-10-31 05:30:00,JBUTTERS,132.1538643738385
2025-10-31 05:35:00,JBUTTERS,132.15386437418695
2025-10-31 05:40:00,JBUTTERS,132.15386437443087
2025-10-31 05:45:00,JBUTTERS,132.1538643746016
2025-10-31 05:50:00,JBUTTERS,132.1538643747211
2025-10-31 05:55:00,JBUTTERS,132.15386437480475
2025-10-31 06:00:00,JBUTTERS,132.15386437486333
2025-10-31 06:05:00,JBUTTERS,132.15386437490432
2025-10-31 06:10:00,JBUTTERS,132.15386437493302
2025-10-31 06:15:00,JBUTTERS,132.15386437495312
2025-10-31 06:20:00,JBUTTERS,132.15386437496718
2025-10-31 06:25:00,JBUTTERS,132.15386437497702
2025-10-31 06:30:00,JBUTTERS,132.1538643749839
2025-10-31 06:35:00,JBUTTERS,132.15386437498873
2025-10-31 06:40:00,JBUTTERS,132.1538643749921
2025-10-31 06:45:00,JBUTTERS,132.15386437499447
2025-10-31 06:50:00,JBUTTERS,132.15386437499612
2025-10-31 06:55:00,JBUTTERS,132.15386437499728
2025-10-31 07:00:00,JBUTTERS,132.15386437499808
2025-10-31 07:05:00,JBUTTERS,132.15386437499865
2025-10-31 07:10:00,JBUTTERS,132.15386437499905
2025-10-31 07:15:00,JBUTTERS,132.15386437499933
2025-10-31 07:20:00,JBUTTERS,132.15386437499953
2025-10-31 07:25:00,JBUTTERS,132.15386437499967
2025-10-31 07:30:00,JBUTTERS,132.15386437499976
2025-10-31 07:35:00,JBUTTERS,132.1538643749998
2025-10-31 07:40:00,JBUTTERS,132.15386437499987
2025-10-31 07:45:00,JBUTTERS,132.1538643749999
2025-10-31 07:50:00,JBUTTERS,132.15386437499993
2025-10-31 07:55:00,JBUTTERS,132.15386437499993
2025-10-31 08:00:00,JBUTTERS,132.15386437499993
2025-10-31 08:05:00,JBUTTERS,132.15386437499993
2025-10-31 08:10:00,JBUTTERS,132.15386437499993
2025-10-31 08:15:00,JBUTTERS,132.15386437499993
2025-10-31 08:20:00,JBUTTERS,132.15386437499993
2025-10-31 08:25:00,JBUTTERS,132.15386437499993
2025-10-31 08:30:00,JBUTTERS,132.15386437499993
2025-10-31 08:35:00,JBUTTERS,132.15386437499993
2025-10-31 08:40:00,JBUTTERS,132.15386437499993
2025-10-31 08:45:00,JBUTTERS,132.15386437499993
2025-10-31 08:50:00,JBUTTERS,132.15386437499993
2025-10-31 08:55:00,JBUTTERS,132.15386437499993
2025-10-31 09:00:00,JBUTTERS,132.15386437499993
2025-10-31 09:05:00,JBUTTERS,132.15386437499993
2025-10-31 09:10:00,JBUTTERS,132.15386437499993
2025-10-31 09:15:00,JBUTTERS,132.15386437499993
2025-10-31 09:20:00,JBUTTERS,132.15386437499993
2025-10-31 09:25:00,JBUTTERS,132.15386437499993
2025-10-31 09:30:00,JBUTTERS,132.15386437499993
2025-10-31 09:35:00,JBUTTERS,132.15386437499993
2025-10-31 09:40:00,JBUTTERS,132.15386437499993
2025-10-31 09:45:00,JBUTTERS,132.15386437499993
2025-10-31 09:50:00,JBUTTERS,132.15386437499993
2025-10-31 09:55:00,JBUTTERS,132.15386437499993
2025-10-31 10:00:00,JBUTTERS,132.15386437499993
2025-10-31 10:05:00,JBUTTERS,132.15386437499993
2025-10-31 10:10:00,JBUTTERS,132.15386437499993
2025-10-31 10:15:00,JBUTTERS,132.15386437499993
2025-10-31 10:20:00,JBUTTERS,132.15386437499993
2025-10-31 10:25:00,JBUTTERS,132.15386437499993
2025-10-31 10:30:00,JBUTTERS,132.15386437499993
2025-10-31 10:35:00,JBUTTERS,132.15386437499993
2025-10-31 10:40:00,JBUTTERS,132.15386437499993
2025-10-31 10:45:00,JBUTTERS,132.15386437499993
2025-10-31 10:50:00,JBUTTERS,132.15386437499993
2025-10-31 10:55:00,JBUTTERS,132.15386437499993
2025-10-31 11:00:00,JBUTTERS,132.15386437499993
2025-10-31 11:05:00,JBUTTERS,132.15386437499993
2025-10-31 11:10:00,JBUTTERS,132.15386437499993
2025-10-31 11:15:00,JBUTTERS,132.15386437499993
2025-10-31 11:20:00,JBUTTERS,132.15386437499993
2025-10-31 11:25:00,JBUTTERS,132.15386437499993
2025-10-31 11:30:00,JBUTTERS,132.15386437499993
2025-10-31 11:35:00,JBUTTERS,132.15386437499993
2025-10-31 11:40:00,JBUTTERS,132.15386437499993
2025-10-31 11:45:00,JBUTTERS,132.15386437499993
2025-10-31 11:50:00,JBUTTERS,132.15386437499993
2025-10-31 11:55:00,JBUTTERS,132.15386437499993
2025-10-31 12:00:00,JBUTTERS,132.15386437499993
2025-10-31 12:05:00,JBUTTERS,132.15386437499993
2025-10-31 12:10:00,JBUTTERS,132.15386437499993
2025-10-31 12:15:00,JBUTTERS,132.15386437499993
2025-10-31 12:20:00,JBUTTERS,132.15386437499993
2025-10-31 12:25:00,JBUTTERS,132.15386437499993
2025-10-31 12:30:00,JBUTTERS,132.15386437499993
2025-10-31 12:35:00,JBUTTERS,132.15386437499993
2025-10-31 12:40:00,JBUTTERS,132.15386437499993
2025-10-31 12:45:00,JBUTTERS,132.15386437499993
2025-10-31 12:50:00,JBUTTERS,132.15386437499993
2025-10-31 12:55:00,JBUTTERS,132.15386437499993
2025-10-31 13:00:00,JBUTTERS,132.15386437499993
2025-10-31 13:05:00,JBUTTERS,132.15386437499993
2025-10-31 13:10:00,JBUTTERS,132.15386437499993
2025-10-31 13:15:00,JBUTTERS,132.15386437499993
2025-10-31 13:20:00,JBUTTERS,132.15386437499993
2025-10-31 13:25:00,JBUTTERS,132.15386437499993
2025-10-31 13:30:00,JBUTTERS,132.15386437499993
2025-10-31 13:35:00,JBUTTERS,132.15386437499993
2025-10-31 13:40:00,JBUTTERS,132.15386437499993
2025-10-31 13:45:00,JBUTTERS,132.15386437499993
2025-10-31 13:50:00,JBUTTERS,132.15386437499993
2025-10-31 13:55:00,JBUTTERS,132.15386437499993
2025-10-31 14:00:00,JBUTTERS,132.15386437499993
2025-10-31 14:05:00,JBUTTERS,132.15386437499993
2025-10-31 14:10:00,JBUTTERS,132.15386437499993
2025-10-31 14:15:00,JBUTTERS,132.15386437499993
2025-10-31 14:20:00,JBUTTERS,132.15386437499993
2025-10-31 14:25:00,JBUTTERS,132.15386437499993
2025-10-31 14:30:00,JBUTTERS,132.15386437499993
2025-10-31 14:35:00,JBUTTERS,132.15386437499993
2025-10-31 14:40:00,JBUTTERS,132.15386437499993
2025-10-31 14:45:00,JBUTTERS,132.15386437499993
2025-10-31 14:50:00,JBUTTERS,132.15386437499993
2025-10-31 14:55:00,JBUTTERS,132.15386437499993
2025-10-31 15:00:00,JBUTTERS,132.15386437499993
2025-10-31 15:05:00,JBUTTERS,132.15386437499993
2025-10-31 15:10:00,JBUTTERS,132.15386437499993
2025-10-31 15:15:00,JBUTTERS,132.15386437499993
2025-10-31 15:20:00,JBUTTERS,132.15386437499993
2025-10-31 15:25:00,JBUTTERS,132.15386437499993
2025-10-31 15:30:00,JBUTTERS,132.15386437499993
2025-10-31 15:35:00,JBUTTERS,132.15386437499993
2025-10-31 15:40:00,JBUTTERS,132.15386437499993
2025-10-31 15:45:00,JBUTTERS,132.15386437499993
2025-10-31 15:50:00,JBUTTERS,132.15386437499993
2025-10-31 15:55:00,JBUTTERS,132.15386437499993
2025-10-31 16:00:00,JBUTTERS,132.15386437499993
2025-10-31 16:05:00,JBUTTERS,132.15386437499993
2025-10-31 16:10:00,JBUTTERS,132.15386437499993
2025-10-31 16:15:00,JBUTTERS,132.15386437499993
2025-10-31 16:20:00,JBUTTERS,132.15386437499993
2025-10-31 16:25:00,JBUTTERS,132.15386437499993
2025-10-31 16:30:00,JBUTTERS,132.15386437499993
2025-10-31 16:35:00,JBUTTERS,132.15386437499993
2025-10-31 16:40:00,JBUTTERS,132.15386437499993
2025-10-31 16:45:00,JBUTTERS,132.15386437499993
2025-10-31 16:50:00,JBUTTERS,132.15386437499993
2025-10-31 16:55:00,JBUTTERS,132.15386437499993
2025-10-31 17:00:00,JBUTTERS,132.15386437499993
2025-10-31 17:05:00,JBUTTERS,132.15386437499993
2025-10-31 17:10:00,JBUTTERS,132.15386437499993
2025-10-31 17:15:00,JBUTTERS,132.15386437499993
2025-10-31 17:20:00,JBUTTERS,132.15386437499993
2025-10-31 17:25:00,JBUTTERS,132.15386437499993
2025-10-31 17:30:00,JBUTTERS,132.15386437499993
2025-10-31 17:35:00,JBUTTERS,132.15386437499993
2025-10-31 17:40:00,JBUTTERS,132.15386437499993
2025-10-31 17:45:00,JBUTTERS,132.15386437499993
2025-10-31 17:50:00,JBUTTERS,132.15386437499993
2025-10-31 17:55:00,JBUTTERS,132.15386437499993
2025-10-31 18:00:00,JBUTTERS,132.15386437499993
2025-10-31 18:05:00,JBUTTERS,132.15386437499993
2025-10-31 18:10:00,JBUTTERS,132.15386437499993
2025-10-31 18:15:00,JBUTTERS,132.15386437499993
2025-10-31 18:20:00,JBUTTERS,132.15386437499993
2025-10-31 18:25:00,JBUTTERS,132.15386437499993
2025-10-31 18:30:00,JBUTTERS,132.15386437499993
2025-10-31 18:35:00,JBUTTERS,132.15386437499993
2025-10-31 18:40:00,JBUTTERS,132.15386437499993
2025-10-31 18:45:00,JBUTTERS,132.15386437499993
2025-10-31 18:50:00,JBUTTERS,132.15386437499993
2025-10-31 18:55:00,JBUTTERS,132.15386437499993
2025-10-31 19:00:00,JBUTTERS,132.15386437499993
2025-10-31 19:05:00,JBUTTERS,132.15386437499993
2025-10-31 19:10:00,JBUTTERS,132.15386437499993
2025-10-31 19:15:00,JBUTTERS,132.15386437499993
2025-10-31 19:20:00,JBUTTERS,132.15386437499993
2025-10-31 19:25:00,JBUTTERS,132.15386437499993
2025-10-31 19:30:00,JBUTTERS,132.15386437499993
2025-10-31 19:35:00,JBUTTERS,132.15386437499993
2025-10-31 19:40:00,JBUTTERS,132.15386437499993
2025-10-31 19:45:00,JBUTTERS,132.15386437499993
2025-10-31 19:50:00,JBUTTERS,132.15386437499993
2025-10-31 19:55:00,JBUTTERS,132.15386437499993
2025-10-31 20:00:00,JBUTTERS,132.15386437499993
2025-10-31 20:05:00,JBUTTERS,132.15386437499993
2025-10-31 20:10:00,JBUTTERS,132.15386437499993
2025-10-31 20:15:00,JBUTTERS,132.15386437499993
2025-10-31 20:20:00,JBUTTERS,132.15386437499993
2025-10-31 20:25:00,JBUTTERS,132.15386437499993
2025-10-31 20:30:00,JBUTTERS,132.15386437499993
2025-10-31 20:35:00,JBUTTERS,132.15386437499993
2025-10-31 20:40:00,JBUTTERS,132.15386437499993
2025-10-31 20:45:00,JBUTTERS,132.15386437499993
2025-10-31 20:50:00,JBUTTERS,132.15386437499993
2025-10-31 20:55:00,JBUTTERS,132.15386437499993
2025-10-31 21:00:00,JBUTTERS,132.15386437499993
2025-10-31 21:05:00,JBUTTERS,132.15386437499993
2025-10-31 21:10:00,JBUTTERS,132.15386437499993
2025-10-31 21:15:00,JBUTTERS,132.15386437499993
2025-10-31 21:20:00,JBUTTERS,132.15386437499993
2025-10-31 21:25:00,JBUTTERS,132.15386437499993
2025-10-31 21:30:00,JBUTTERS,132.15386437499993
2025-10-31 21:35:00,JBUTTERS,132.15386437499993
2025-10-31 21:40:00,JBUTTERS,132.15386437499993
2025-10-31 21:45:00,JBUTTERS,132.15386437499993
2025-10-31 21:50:00,JBUTTERS,132.15386437499993
2025-10-31 21:55:00,JBUTTERS,132.15386437499993
2025-10-31 22:00:00,JBUTTERS,132.15386437499993
2025-10-31 22:05:00,JBUTTERS,132.15386437499993
2025-10-31 22:10:00,JBUTTERS,132.15386437499993
2025-10-31 22:15:00,JBUTTERS,132.15386437499993
2025-10-31 22:20:00,JBUTTERS,132.15386437499993
2025-10-31 22:25:00,JBUTTERS,132.15386437499993
2025-10-31 22:30:00,JBUTTERS,132.15386437499993
2025-10-31 22:35:00,JBUTTERS,132.15386437499993
2025-10-31 22:40:00,JBUTTERS,132.15386437499993
2025-10-31 22:45:00,JBUTTERS,132.15386437499993
2025-10-31 22:50:00,JBUTTERS,132.15386437499993
2025-10-31 22:55:00,JBUTTERS,132.15386437499993
2025-10-31 23:00:00,JBUTTERS,132.15386437499993
2025-10-31 23:05:00,JBUTTERS,132.15386437499993
2025-10-31 23:10:00,JBUTTERS,132.15386437499993
2025-10-31 23:15:00,JBUTTERS,132.15386437499993
2025-10-31 23:20:00,JBUTTERS,132.15386437499993
2025-10-31 23:25:00,JBUTTERS,132.15386437499993
2025-10-31 23:30:00,JBUTTERS,132.15386437499993
2025-10-31 23:35:00,JBUTTERS,132.15386437499993
2025-10-31 23:40:00,JBUTTERS,132.15386437499993
2025-10-31 23:45:00,JBUTTERS,132.15386437499993
2025-10-31 23:50:00,JBUTTERS,132.15386437499993
2025-10-31 23:55:00,JBUTTERS,132.15386437499993
2025-10-31 00:00:00,LOYYB2,572.4169483076628
2025-10-31 00:05:00,LOYYB2,569.960223190364
2025-10-31 00:10:00,LOYYB2,568.2405156082548
2025-10-31 00:15:00,LOYYB2,567.0367203007784
2025-10-31 00:20:00,LOYYB2,566.1940635855449
2025-10-31 00:25:00,LOYYB2,565.6042038848814
2025-10-31 00:30:00,LOYYB2,565.191302094417
2025-10-31 00:35:00,LOYYB2,564.9022708410919
2025-10-31 00:40:00,LOYYB2,564.6999489637643
2025-10-31 00:45:00,LOYYB2,564.558323649635
2025-10-31 00:50:00,LOYYB2,564.4591859297445
2025-10-31 00:55:00,LOYYB2,564.3897895258211
2025-10-31 01:00:00,LOYYB2,564.3412120430747
2025-10-31 01:05:00,LOYYB2,564.3072078051523
2025-10-31 01:10:00,LOYYB2,564.2834048386067
2025-10-31 01:15:00,LOYYB2,564.2667427620247
2025-10-31 01:20:00,LOYYB2,564.2550793084173
2025-10-31 01:25:00,LOYYB2,564.2469148908921
2025-10-31 01:30:00,LOYYB2,564.2411997986244
2025-10-31 01:35:00,LOYYB2,564.2371992340371
2025-10-31 01:40:00,LOYYB2,564.234398838826
2025-10-31 01:45:00,LOYYB2,564.2324385621782
2025-10-31 01:50:00,LOYYB2,564.2310663685248
2025-10-31 01:55:00,LOYYB2,564.2301058329674
2025-10-31 02:00:00,LOYYB2,564.2294334580772
2025-10-31 02:05:00,LOYYB2,564.2289627956541
2025-10-31 02:10:00,LOYYB2,564.2286333319579
2025-10-31 02:15:00,LOYYB2,564.2284027073705
2025-10-31 02:20:00,LOYYB2,564.2282412701593
2025-10-31 02:25:00,LOYYB2,564.2281282641115
2025-10-31 02:30:00,LOYYB2,564.2280491598781
2025-10-31 02:35:00,LOYYB2,564.2279937869147
2025-10-31 02:40:00,LOYYB2,564.2279550258403
2025-10-31 02:45:00,LOYYB2,564.2279278930882
2025-10-31 02:50:00,LOYYB2,564.2279089001618
2025-10-31 02:55:00,LOYYB2,564.2278956051132
2025-10-31 03:00:00,LOYYB2,564.2278862985793
2025-10-31 03:05:00,LOYYB2,564.2278797840055
2025-10-31 03:10:00,LOYYB2,564.2278752238038
2025-10-31 03:15:00,LOYYB2,564.2278720316626
2025-10-31 03:20:00,LOYYB2,564.2278697971639
2025-10-31 03:25:00,LOYYB2,564.2278682330146
2025-10-31 03:30:00,LOYYB2,564.2278671381102
2025-10-31 03:35:00,LOYYB2,564.2278663716771
2025-10-31 03:40:00,LOYYB2,564.2278658351739
2025-10-31 03:45:00,LOYYB2,564.2278654596217
2025-10-31 03:50:00,LOYYB2,564.2278651967353
2025-10-31 03:55:00,LOYYB2,564.2278650127147
2025-10-31 04:00:00,LOYYB2,564.2278648839002
2025-10-31 04:05:00,LOYYB2,564.2278647937302
2025-10-31 04:10:00,LOYYB2,564.2278647306111
2025-10-31 04:15:00,LOYYB2,564.2278646864278
2025-10-31 04:20:00,LOYYB2,564.2278646554994
2025-10-31 04:25:00,LOYYB2,564.2278646338495
2025-10-31 04:30:00,LOYYB2,564.2278646186946
2025-10-31 04:35:00,LOYYB2,564.2278646080863
2025-10-31 04:40:00,LOYYB2,564.2278646006604
2025-10-31 04:45:00,LOYYB2,564.2278645954623
2025-10-31 04:50:00,LOYYB2,564.2278645918236
2025-10-31 04:55:00,LOYYB2,564.2278645892766
2025-10-31 05:00:00,LOYYB2,564.2278645874936
2025-10-31 05:05:00,LOYYB2,564.2278645862456
2025-10-31 05:10:00,LOYYB2,564.2278645853719
2025-10-31 05:15:00,LOYYB2,564.2278645847604
2025-10-31 05:20:00,LOYYB2,564.2278645843322
2025-10-31 05:25:00,LOYYB2,564.2278645840325
2025-10-31 05:30:00,LOYYB2,564.2278645838228
2025-10-31 05:35:00,LOYYB2,564.2278645836759
2025-10-31 05:40:00,LOYYB2,564.2278645835731
2025-10-31 05:45:00,LOYYB2,564.2278645835012
2025-10-31 05:50:00,LOYYB2,564.2278645834508
2025-10-31 05:55:00,LOYYB2,564.2278645834156
2025-10-31 06:00:00,LOYYB2,564.2278645833909
2025-10-31 06:05:00,LOYYB2,564.2278645833736
2025-10-31 06:10:00,LOYYB2,564.2278645833616
2025-10-31 06:15:00,LOYYB2,564.227864583353
2025-10-31 06:20:00,LOYYB2,564.2278645833471
2025-10-31 06:25:00,LOYYB2,564.227864583343
2025-10-31 06:30:00,LOYYB2,564.2278645833401
2025-10-31 06:35:00,LOYYB2,564.227864583338
2025-10-31 06:40:00,LOYYB2,564.2278645833367
2025-10-31 06:45:00,LOYYB2,564.2278645833356
2025-10-31 06:50:00,LOYYB2,564.227864583335
2025-10-31 06:55:00,LOYYB2,564.2278645833345
2025-10-31 07:00:00,LOYYB2,564.2278645833342
2025-10-31 07:05:00,LOYYB2,564.2278645833339
2025-10-31 07:10:00,LOYYB2,564.2278645833337
2025-10-31 07:15:00,LOYYB2,564.2278645833336
2025-10-31 07:20:00,LOYYB2,564.2278645833335
2025-10-31 07:25:00,LOYYB2,564.2278645833335
2025-10-31 07:30:00,LOYYB2,564.2278645833335
2025-10-31 07:35:00,LOYYB2,564.2278645833335
2025-10-31 07:40:00,LOYYB2,564.2278645833335
2025-10-31 07:45:00,LOYYB2,564.2278645833335
2025-10-31 07:50:00,LOYYB2,564.2278645833335
2025-10-31 07:55:00,LOYYB2,564.2278645833335
2025-10-31 08:00:00,LOYYB2,564.2278645833335
2025-10-31 08:05:00,LOYYB2,564.2278645833335
2025-10-31 08:10:00,LOYYB2,564.2278645833335
2025-10-31 08:15:00,LOYYB2,564.2278645833335
2025-10-31 08:20:00,LOYYB2,564.2278645833335
2025-10-31 08:25:00,LOYYB2,564.2278645833335
2025-10-31 08:30:00,LOYYB2,564.2278645833335
2025-10-31 08:35:00,LOYYB2,564.2278645833335
2025-10-31 08:40:00,LOYYB2,564.2278645833335
2025-10-31 08:45:00,LOYYB2,564.2278645833335
2025-10-31 08:50:00,LOYYB2,564.2278645833335
2025-10-31 08:55:00,LOYYB2,564.2278645833335
2025-10-31 09:00:00,LOYYB2,564.2278645833335
2025-10-31 09:05:00,LOYYB2,564.2278645833335
2025-10-31 09:10:00,LOYYB2,564.2278645833335
2025-10-31 09:15:00,LOYYB2,564.2278645833335
2025-10-31 09:20:00,LOYYB2,564.2278645833335
2025-10-31 09:25:00,LOYYB2,564.2278645833335
2025-10-31 09:30:00,LOYYB2,564.2278645833335
2025-10-31 09:35:00,LOYYB2,564.2278645833335
2025-10-31 09:40:00,LOYYB2,564.2278645833335
2025-10-31 09:45:00,LOYYB2,564.2278645833335
2025-10-31 09:50:00,LOYYB2,564.2278645833335
2025-10-31 09:55:00,LOYYB2,564.2278645833335
2025-10-31 10:00:00,LOYYB2,564.2278645833335
2025-10-31 10:05:00,LOYYB2,564.2278645833335
2025-10-31 10:10:00,LOYYB2,564.2278645833335
2025-10-31 10:15:00,LOYYB2,564.2278645833335
2025-10-31 10:20:00,LOYYB2,564.2278645833335
2025-10-31 10:25:00,LOYYB2,564.2278645833335
2025-10-31 10:30:00,LOYYB2,564.2278645833335
2025-10-31 10:35:00,LOYYB2,564.2278645833335
2025-10-31 10:40:00,LOYYB2,564.2278645833335
2025-10-31 10:45:00,LOYYB2,564.2278645833335
2025-10-31 10:50:00,LOYYB2,564.2278645833335
2025-10-31 10:55:00,LOYYB2,564.2278645833335
2025-10-31 11:00:00,LOYYB2,564.2278645833335
2025-10-31 11:05:00,LOYYB2,564.2278645833335
2025-10-31 11:10:00,LOYYB2,564.2278645833335
2025-10-31 11:15:00,LOYYB2,564.2278645833335
2025-10-31 11:20:00,LOYYB2,564.2278645833335
2025-10-31 11:25:00,LOYYB2,564.2278645833335
2025-10-31 11:30:00,LOYYB2,564.2278645833335
2025-10-31 11:35:00,LOYYB2,564.2278645833335
2025-10-31 11:40:00,LOYYB2,564.2278645833335
2025-10-31 11:45:00,LOYYB2,564.2278645833335
2025-10-31 11:50:00,LOYYB2,564.2278645833335
2025-10-31 11:55:00,LOYYB2,564.2278645833335
2025-10-31 12:00:00,LOYYB2,564.2278645833335
2025-10-31 12:05:00,LOYYB2,564.2278645833335
2025-10-31 12:10:00,LOYYB2,564.2278645833335
2025-10-31 12:15:00,LOYYB2,564.2278645833335
2025-10-31 12:20:00,LOYYB2,564.2278645833335
2025-10-31 12:25:00,LOYYB2,564.2278645833335
2025-10-31 12:30:00,LOYYB2,564.2278645833335
2025-10-31 12:35:00,LOYYB2,564.2278645833335
2025-10-31 12:40:00,LOYYB2,564.2278645833335
2025-10-31 12:45:00,LOYYB2,564.2278645833335
2025-10-31 12:50:00,LOYYB2,564.2278645833335
2025-10-31 12:55:00,LOYYB2,564.2278645833335
2025-10-31 13:00:00,LOYYB2,564.2278645833335
2025-10-31 13:05:00,LOYYB2,564.2278645833335
2025-10-31 13:10:00,LOYYB2,564.2278645833335
2025-10-31 13:15:00,LOYYB2,564.2278645833335
2025-10-31 13:20:00,LOYYB2,564.2278645833335
2025-10-31 13:25:00,LOYYB2,564.2278645833335
2025-10-31 13:30:00,LOYYB2,564.2278645833335
2025-10-31 13:35:00,LOYYB2,564.2278645833335
2025-10-31 13:40:00,LOYYB2,564.2278645833335
2025-10-31 13:45:00,LOYYB2,564.2278645833335
2025-10-31 13:50:00,LOYYB2,564.2278645833335
2025-10-31 13:55:00,LOYYB2,564.2278645833335
2025-10-31 14:00:00,LOYYB2,564.2278645833335
2025-10-31 14:05:00,LOYYB2,564.2278645833335
2025-10-31 14:10:00,LOYYB2,564.2278645833335
2025-10-31 14:15:00,LOYYB2,564.2278645833335
2025-10-31 14:20:00,LOYYB2,564.2278645833335
2025-10-31 14:25:00,LOYYB2,564.2278645833335
2025-10-31 14:30:00,LOYYB2,564.2278645833335
2025-10-31 14:35:00,LOYYB2,564.2278645833335
2025-10-31 14:40:00,LOYYB2,564.2278645833335
2025-10-31 14:45:00,LOYYB2,564.2278645833335
2025-10-31 14:50:00,LOYYB2,564.2278645833335
2025-10-31 14:55:00,LOYYB2,564.2278645833335
2025-10-31 15:00:00,LOYYB2,564.2278645833335
2025-10-31 15:05:00,LOYYB2,564.2278645833335
2025-10-31 15:10:00,LOYYB2,564.2278645833335
2025-10-31 15:15:00,LOYYB2,564.2278645833335
2025-10-31 15:20:00,LOYYB2,564.2278645833335
2025-10-31 15:25:00,LOYYB2,564.2278645833335
2025-10-31 15:30:00,LOYYB2,564.2278645833335
2025-10-31 15:35:00,LOYYB2,564.2278645833335
2025-10-31 15:40:00,LOYYB2,564.2278645833335
2025-10-31 15:45:00,LOYYB2,564.2278645833335
2025-10-31 15:50:00,LOYYB2,564.2278645833335
2025-10-31 15:55:00,LOYYB2,564.2278645833335
2025-10-31 16:00:00,LOYYB2,564.2278645833335
2025-10-31 16:05:00,LOYYB2,564.2278645833335
2025-10-31 16:10:00,LOYYB2,564.2278645833335
2025-10-31 16:15:00,LOYYB2,564.2278645833335
2025-10-31 16:20:00,LOYYB2,564.2278645833335
2025-10-31 16:25:00,LOYYB2,564.2278645833335
2025-10-31 16:30:00,LOYYB2,564.2278645833335
2025-10-31 16:35:00,LOYYB2,564.2278645833335
2025-10-31 16:40:00,LOYYB2,564.2278645833335
2025-10-31 16:45:00,LOYYB2,564.2278645833335
2025-10-31 16:50:00,LOYYB2,564.2278645833335
2025-10-31 16:55:00,LOYYB2,564.2278645833335
2025-10-31 17:00:00,LOYYB2,564.2278645833335
2025-10-31 17:05:00,LOYYB2,564.2278645833335
2025-10-31 17:10:00,LOYYB2,564.2278645833335
2025-10-31 17:15:00,LOYYB2,564.2278645833335
2025-10-31 17:20:00,LOYYB2,564.2278645833335
2025-10-31 17:25:00,LOYYB2,564.2278645833335
2025-10-31 17:30:00,LOYYB2,564.2278645833335
2025-10-31 17:35:00,LOYYB2,564.2278645833335
2025-10-31 17:40:00,LOYYB2,564.2278645833335
2025-10-31 17:45:00,LOYYB2,564.2278645833335
2025-10-31 17:50:00,LOYYB2,564.2278645833335
2025-10-31 17:55:00,LOYYB2,564.2278645833335
2025-10-31 18:00:00,LOYYB2,564.2278645833335
2025-10-31 18:05:00,LOYYB2,564.2278645833335
2025-10-31 18:10:00,LOYYB2,564.2278645833335
2025-10-31 18:15:00,LOYYB2,564.2278645833335
2025-10-31 18:20:00,LOYYB2,564.2278645833335
2025-10-31 18:25:00,LOYYB2,564.2278645833335
2025-10-31 18:30:00,LOYYB2,564.2278645833335
2025-10-31 18:35:00,LOYYB2,564.2278645833335
2025-10-31 18:40:00,LOYYB2,564.2278645833335
2025-10-31 18:45:00,LOYYB2,564.2278645833335
2025-10-31 18:50:00,LOYYB2,564.2278645833335
2025-10-31 18:55:00,LOYYB2,564.2278645833335
2025-10-31 19:00:00,LOYYB2,564.2278645833335
2025-10-31 19:05:00,LOYYB2,564.2278645833335
2025-10-31 19:10:00,LOYYB2,564.2278645833335
2025-10-31 19:15:00,LOYYB2,564.2278645833335
2025-10-31 19:20:00,LOYYB2,564.2278645833335
2025-10-31 19:25:00,LOYYB2,564.2278645833335
2025-10-31 19:30:00,LOYYB2,564.2278645833335
2025-10-31 19:35:00,LOYYB2,564.2278645833335
2025-10-31 19:40:00,LOYYB2,564.2278645833335
2025-10-31 19:45:00,LOYYB2,564.2278645833335
2025-10-31 19:50:00,LOYYB2,564.2278645833335
2025-10-31 19:55:00,LOYYB2,564.2278645833335
2025-10-31 20:00:00,LOYYB2,564.2278645833335
2025-10-31 20:05:00,LOYYB2,564.2278645833335
2025-10-31 20:10:00,LOYYB2,564.2278645833335
2025-10-31 20:15:00,LOYYB2,564.2278645833335
2025-10-31 20:20:00,LOYYB2,564.2278645833335
2025-10-31 20:25:00,LOYYB2,564.2278645833335
2025-10-31 20:30:00,LOYYB2,564.2278645833335
2025-10-31 20:35:00,LOYYB2,564.2278645833335
2025-10-31 20:40:00,LOYYB2,564.2278645833335
2025-10-31 20:45:00,LOYYB2,564.2278645833335
2025-10-31 20:50:00,LOYYB2,564.2278645833335
2025-10-31 20:55:00,LOYYB2,564.2278645833335
2025-10-31 21:00:00,LOYYB2,564.2278645833335
2025-10-31 21:05:00,LOYYB2,564.2278645833335
2025-10-31 21:10:00,LOYYB2,564.2278645833335
2025-10-31 21:15:00,LOYYB2,564.2278645833335
2025-10-31 21:20:00,LOYYB2,564.2278645833335
2025-10-31 21:25:00,LOYYB2,564.2278645833335
2025-10-31 21:30:00,LOYYB2,564.2278645833335
2025-10-31 21:35:00,LOYYB2,564.2278645833335
2025-10-31 21:40:00,LOYYB2,564.2278645833335
2025-10-31 21:45:00,LOYYB2,564.2278645833335
2025-10-31 21:50:00,LOYYB2,564.2278645833335
2025-10-31 21:55:00,LOYYB2,564.2278645833335
2025-10-31 22:00:00,LOYYB2,564.2278645833335
2025-10-31 22:05:00,LOYYB2,564.2278645833335
2025-10-31 22:10:00,LOYYB2,564.2278645833335
2025-10-31 22:15:00,LOYYB2,564.2278645833335
2025-10-31 22:20:00,LOYYB2,564.2278645833335
2025-10-31 22:25:00,LOYYB2,564.2278645833335
2025-10-31 22:30:00,LOYYB2,564.2278645833335
2025-10-31 22:35:00,LOYYB2,564.2278645833335
2025-10-31 22:40:00,LOYYB2,564.2278645833335
2025-10-31 22:45:00,LOYYB2,564.2278645833335
2025-10-31 22:50:00,LOYYB2,564.2278645833335
2025-10-31 22:55:00,LOYYB2,564.2278645833335
2025-10-31 23:00:00,LOYYB2,564.2278645833335
2025-10-31 23:05:00,LOYYB2,564.2278645833335
2025-10-31 23:10:00,LOYYB2,564.2278645833335
2025-10-31 23:15:00,LOYYB2,564.2278645833335
2025-10-31 23:20:00,LOYYB2,564.2278645833335
2025-10-31 23:25:00,LOYYB2,564.2278645833335
2025-10-31 23:30:00,LOYYB2,564.2278645833335
2025-10-31 23:35:00,LOYYB2,564.2278645833335
2025-10-31 23:40:00,LOYYB2,564.2278645833335
2025-10-31 23:45:00,LOYYB2,564.2278645833335
2025-10-31 23:50:00,LOYYB2,564.2278645833335
2025-10-31 23:55:00,LOYYB2,564.2278645833335
